-- phpMyAdmin SQL Dump
-- version 5.2.0
-- https://www.phpmyadmin.net/
--
-- Host: 127.0.0.1
-- Generation Time: Jun 24, 2026 at 10:04 AM
-- Server version: 10.4.27-MariaDB
-- PHP Version: 7.4.33

SET SQL_MODE = "NO_AUTO_VALUE_ON_ZERO";
START TRANSACTION;
SET time_zone = "+00:00";


/*!40101 SET @OLD_CHARACTER_SET_CLIENT=@@CHARACTER_SET_CLIENT */;
/*!40101 SET @OLD_CHARACTER_SET_RESULTS=@@CHARACTER_SET_RESULTS */;
/*!40101 SET @OLD_COLLATION_CONNECTION=@@COLLATION_CONNECTION */;
/*!40101 SET NAMES utf8mb4 */;

--
-- Database: `randis`
--

-- --------------------------------------------------------

--
-- Table structure for table `golongan`
--

CREATE TABLE `golongan` (
  `id` int(11) NOT NULL,
  `golongan` varchar(5) NOT NULL,
  `pangkat` varchar(50) NOT NULL
) ENGINE=InnoDB DEFAULT CHARSET=latin1 COLLATE=latin1_swedish_ci ROW_FORMAT=DYNAMIC;

--
-- Dumping data for table `golongan`
--

INSERT INTO `golongan` (`id`, `golongan`, `pangkat`) VALUES
(11, 'I/a', 'Juru Muda'),
(12, 'I/b', 'Juru Muda Tingkat I'),
(13, 'I/c', 'Juru'),
(14, 'I/d', 'Juru Tingkat I'),
(21, 'II/a', 'Pengatur Muda'),
(22, 'II/b', 'Pengatur Muda Tingkat I'),
(23, 'II/c', 'Pengatur'),
(24, 'II/d', 'Pengatur Tingkat I'),
(31, 'III/a', 'Penata Muda'),
(32, 'III/b', 'Penata Muda Tingkat I'),
(33, 'III/c', 'Penata'),
(34, 'III/d', 'Penata Tingkat I'),
(41, 'IV/a', 'Pembina'),
(42, 'IV/b', 'Pembina Tingkat I'),
(43, 'IV/c', 'Pembina Utama Muda'),
(44, 'IV/d', 'Pembina Utama Madya'),
(45, 'IV/e', 'Pembina Utama');

-- --------------------------------------------------------

--
-- Table structure for table `histori`
--

CREATE TABLE `histori` (
  `id` int(11) NOT NULL,
  `kendaraan_id` int(11) NOT NULL,
  `nopol_awal` varchar(15) NOT NULL,
  `nopol_akhir` varchar(15) NOT NULL,
  `nama_pemegang` varchar(100) NOT NULL,
  `tanggal` date NOT NULL,
  `instansi_id` int(11) NOT NULL,
  `keterangan` text NOT NULL
) ENGINE=InnoDB DEFAULT CHARSET=latin1 COLLATE=latin1_swedish_ci ROW_FORMAT=DYNAMIC;

--
-- Dumping data for table `histori`
--

INSERT INTO `histori` (`id`, `kendaraan_id`, `nopol_awal`, `nopol_akhir`, `nama_pemegang`, `tanggal`, `instansi_id`, `keterangan`) VALUES
(1, 63, 'DR 33 AK', 'DR 90 AK', 'I.G.A. Yuliani, SE', '2018-10-30', 37, 'OPD dan Pemegang Tetap'),
(2, 1023, 'DR 1241 AK', 'DR 33 AK', 'LALU ALWAN BASRI', '2018-10-30', 34, 'OPD dan Pemegang Tetap\r\n'),
(3, 1698, 'B 2524 EX', 'DR 1261 AK', 'H. MOH. SYAKIRIN HUKMI, SE., MM', '2018-10-30', 3, 'OPD dan Pemegang Tetap'),
(4, 1, 'DR 1239 AK', 'DR 1240 AK', 'Drs. H. Abdul Latif Nadjib. MM ', '2026-06-24', 27, '');

-- --------------------------------------------------------

--
-- Table structure for table `instansi`
--

CREATE TABLE `instansi` (
  `id_instansi` int(11) NOT NULL,
  `nama_instansi` varchar(150) NOT NULL,
  `alamat` text NOT NULL,
  `telp` varchar(50) NOT NULL,
  `fax` varchar(50) NOT NULL,
  `email` varchar(50) NOT NULL,
  `parent_id` int(11) NOT NULL
) ENGINE=InnoDB DEFAULT CHARSET=latin1 COLLATE=latin1_swedish_ci ROW_FORMAT=DYNAMIC;

--
-- Dumping data for table `instansi`
--

INSERT INTO `instansi` (`id_instansi`, `nama_instansi`, `alamat`, `telp`, `fax`, `email`, `parent_id`) VALUES
(1, 'Badan Kepegawaian dan Pengembangan Sumber Daya Manusia (BKPSDM)', '-', '-', '-', '-', 1),
(2, 'Badan Kesatuan Bangsa dan Politik (BAKESBANGPOL)', '-', '-', '-', '-', 2),
(3, 'Badan Keuangan Daerah (BKD)', '-', '-', '-', '-', 3),
(4, 'Badan Penanggulangan Bencana Daerah (BPBD)', '-', '-', '-', '-', 4),
(5, 'BADAN RISET DAN INOVASI DAERAH (BRIDA)', '-', '-', '-', '-', 5),
(6, 'Badan Perencanaan Pembangunan Daerah (Bappeda)', '-', '-', '-', '-', 6),
(7, 'Dinas Kearsipan dan Perpustakaan ', '-', '-', '-', '-', 7),
(8, 'Dinas Kepemudaan dan Olahraga (DISPORA)', '-', '-', '-', '-', 8),
(9, 'Dinas Kependudukan dan Pencatatan Sipil', '-', '-', '-', '-', 9),
(10, 'Dinas Kependudukan dan Pencatatan Sipil ', '-', '-', '-', '-', 10),
(11, 'Dinas Kesehatan Instalasi Farmasi  Kesehatan', '-', '-', '-', '-', 11),
(12, 'Dinas Kesehatan Kota Mataram', '-', '-', '-', '-', 12),
(13, 'Dinas Kesehatan Puskesmas  Babakan', '-', '-', '-', '-', 12),
(14, 'Dinas Kesehatan Puskesmas  Dasan Agung', '-', '-', '-', '-', 12),
(15, 'Dinas Kesehatan Puskesmas  Pagesangan', '-', '-', '-', '-', 12),
(16, 'Dinas Kesehatan Puskesmas  Pejeruk', '-', '-', '-', '-', 12),
(17, 'Dinas Kesehatan Puskesmas  Selaparang', '-', '-', '-', '-', 12),
(18, 'Dinas Kesehatan Puskesmas Ampenan', '-', '-', '-', '-', 12),
(19, 'Dinas Kesehatan Puskesmas Cakranegara', '-', '-', '-', '-', 12),
(20, 'Dinas Kesehatan Puskesmas Karang Pule', '-', '-', '-', '-', 12),
(21, 'Dinas Kesehatan Puskesmas Karang Taliwang', '-', '-', '-', '-', 12),
(22, 'Dinas Kesehatan Puskesmas Mataram', '-', '-', '-', '-', 12),
(23, 'Dinas Kesehatan Puskesmas Tanjung Karang', '-', '-', '-', '-', 12),
(24, 'Dinas Ketahanan Pangan', '-', '-', '-', '-', 24),
(25, 'Dinas Komunikasi dan Informasi', '-', '-', '-', '-', 25),
(26, 'Dinas Lingkungan Hidup', '-', '-', '-', '-', 26),
(27, 'Dinas Pariwisata', '-', '-', '-', '-', 27),
(28, 'Dinas Pekerjaan Umum (PU)', '-', '-', '-', '-', 28),
(29, 'Dinas Pemadam Kebakaran (DAMKAR)', '-', '-', '-', '-', 29),
(30, 'Dinas Pemberdayaan Perempuan dan Perlindungan Anak (DP3A)', '-', '-', '-', '-', 30),
(31, 'Dinas Penanaman Modal dan Pelayanan Terpadu Satu Pintu (DPMPTSP)', '-', '-', '-', '-', 31),
(32, 'Dinas Pendidikan (DIKNAS)', '-', '-', '-', '-', 32),
(33, 'Dinas Pengendalian Penduduk dan Keluarga Berencana ', '-', '-', '-', '-', 33),
(34, 'Dinas Perdagangan', '-', '-', '-', '-', 34),
(35, 'Dinas Perhubungan', '-', '-', '-', '-', 35),
(36, 'Dinas Perikanan', '-', '-', '-', '-', 36),
(37, 'Dinas Perindustrian, Koperasi dan Usaha Kecil Menengah   ', '-', '-', '-', '-', 37),
(38, 'Dinas Pertanian', '-', '-', '-', '-', 38),
(39, 'Dinas Perumahan dan Kawasan Permukiman', '-', '-', '-', '-', 39),
(40, 'Dinas Sosial', '-', '-', '-', '-', 40),
(41, 'Dinas Tenaga Kerja', '-', '-', '-', '-', 41),
(42, 'DPRD', '-', '-', '-', '-', 42),
(43, 'Inspektorat', '-', '-', '-', '-', 43),
(44, 'Kecamatan Ampenan', '-', '-', '-', '-', 44),
(45, 'Kecamatan Ampenan Kel. Ampenan Selatan', '-', '-', '-', '-', 44),
(46, 'Kecamatan Ampenan Kel. Ampenan Tengah', '-', '-', '-', '-', 44),
(47, 'Kecamatan Ampenan Kel. Ampenan Utara', '-', '-', '-', '-', 44),
(48, 'Kecamatan Ampenan Kel. Banjar', '-', '-', '-', '-', 44),
(49, 'Kecamatan Ampenan Kel. Bintaro', '-', '-', '-', '-', 44),
(50, 'Kecamatan Ampenan Kel. Dayan Peken', '-', '-', '-', '-', 44),
(51, 'Kecamatan Ampenan Kel. Kebun Sari', '-', '-', '-', '-', 44),
(52, 'Kecamatan Ampenan Kel. Pejarakan Karya', '-', '-', '-', '-', 44),
(53, 'Kecamatan Ampenan Kel. Pejeruk', '-', '-', '-', '-', 44),
(54, 'Kecamatan Ampenan Kel. Taman Sari', '-', '-', '-', '-', 44),
(55, 'Kecamatan Cakranegara', '-', '-', '-', '-', 55),
(56, 'Kecamatan Cakranegara Kelurahan Cakra Selatan Baru', '-', '-', '-', '-', 55),
(57, 'Kecamatan Cakranegara Kelurahan Cakranegara Barat', '-', '-', '-', '-', 55),
(58, 'Kecamatan Cakranegara Kelurahan Cakranegara Selatan', '-', '-', '-', '-', 55),
(59, 'Kecamatan Cakranegara Kelurahan Cakranegara Timur', '-', '-', '-', '-', 55),
(60, 'Kecamatan Cakranegara Kelurahan Cakranegara Utara', '-', '-', '-', '-', 55),
(61, 'Kecamatan Cakranegara Kelurahan Cilinaya', '-', '-', '-', '-', 55),
(62, 'Kecamatan Cakranegara Kelurahan Karang Taliwang', '-', '-', '-', '-', 55),
(63, 'Kecamatan Cakranegara Kelurahan Mayure', '-', '-', '-', '-', 55),
(64, 'Kecamatan Cakranegara Kelurahan Sapta Marga', '-', '-', '-', '-', 55),
(65, 'Kecamatan Cakranegara Kelurahan Sayang- Sayang', '-', '-', '-', '-', 55),
(66, 'Kecamatan Mataram', '-', '-', '-', '-', 66),
(67, 'Kecamatan Mataram Kel. Mataram Timur', '-', '-', '-', '-', 66),
(68, 'Kecamatan Mataram Kel. Pagesangan', '-', '-', '-', '-', 66),
(69, 'Kecamatan Mataram Kel. Pagesangan Barat', '-', '-', '-', '-', 66),
(70, 'Kecamatan Mataram Kel. Pagesangan Timur', '-', '-', '-', '-', 66),
(71, 'Kecamatan Mataram Kel. Pagutan', '-', '-', '-', '-', 66),
(72, 'Kecamatan Mataram Kel. Pagutan ', '-', '-', '-', '-', 66),
(73, 'Kecamatan Mataram Kel. Pagutan Barat', '-', '-', '-', '-', 66),
(74, 'Kecamatan Mataram Kel. Pagutan Timur', '-', '-', '-', '-', 66),
(75, 'Kecamatan Mataram Kel. Pejanggik', '-', '-', '-', '-', 66),
(76, 'Kecamatan Mataram Kel. Punia', '-', '-', '-', '-', 66),
(77, 'Kecamatan Sandubaya', '-', '-', '-', '-', 77),
(78, 'Kecamatan Sandubaya Dasan Cermen Timur', '-', '-', '-', '-', 77),
(79, 'Kecamatan Sandubaya Kel. Abian Tubuh Barat', '-', '-', '-', '-', 77),
(80, 'Kecamatan Sandubaya Kel. Babakan Barat', '-', '-', '-', '-', 77),
(81, 'Kecamatan Sandubaya Kel. Babakan Kebon', '-', '-', '-', '-', 77),
(82, 'Kecamatan Sandubaya Kel. Babakan Permai', '-', '-', '-', '-', 77),
(83, 'Kecamatan Sandubaya Kel. Babakan Sayo', '-', '-', '-', '-', 77),
(84, 'Kecamatan Sandubaya Kel. Babakan Timur', '-', '-', '-', '-', 77),
(85, 'Kecamatan Sandubaya Kel. Babakan Timur Selatan', '-', '-', '-', '-', 77),
(86, 'Kecamatan Sandubaya Kel. Babakan Utara', '-', '-', '-', '-', 77),
(87, 'Kecamatan Sandubaya Kel. Bertais Daye', '-', '-', '-', '-', 77),
(88, 'Kecamatan Sandubaya Kel. Bertais Selatan', '-', '-', '-', '-', 77),
(89, 'Kecamatan Sandubaya Kel. Bhineka', '-', '-', '-', '-', 77),
(90, 'Kecamatan Sandubaya Kel. Butun Indah', '-', '-', '-', '-', 77),
(91, 'Kecamatan Sandubaya Kel. Dasan Cermen Asri', '-', '-', '-', '-', 77),
(92, 'Kecamatan Sandubaya Kel. Dasan Cermen Barat', '-', '-', '-', '-', 77),
(93, 'Kecamatan Sandubaya Kel. Dasan Cermen Selatan', '-', '-', '-', '-', 77),
(94, 'Kecamatan Sandubaya Kel. Dasan Cermen Utara', '-', '-', '-', '-', 77),
(95, 'Kecamatan Sandubaya Kel. Gedur', '-', '-', '-', '-', 77),
(96, 'Kecamatan Sandubaya Kel. Gegerung Indah', '-', '-', '-', '-', 77),
(97, 'Kecamatan Sandubaya Kel. Gerung Apitaik', '-', '-', '-', '-', 77),
(98, 'Kecamatan Sandubaya Kel. Gerung Batun Barat', '-', '-', '-', '-', 77),
(99, 'Kecamatan Sandubaya Kel. Gerung Batun Timur', '-', '-', '-', '-', 77),
(100, 'Kecamatan Sandubaya Kel. Gerung Sayo Indah', '-', '-', '-', '-', 77),
(101, 'Kecamatan Sandubaya Kel. Gontoran Barat', '-', '-', '-', '-', 77),
(102, 'Kecamatan Sandubaya Kel. Jangkuk', '-', '-', '-', '-', 77),
(103, 'Kecamatan Sandubaya Kel. Karang Bata Selatan', '-', '-', '-', '-', 77),
(104, 'Kecamatan Sandubaya Kel. Karang Bata Tengah', '-', '-', '-', '-', 77),
(105, 'Kecamatan Sandubaya Kel. Karang Bata Utara', '-', '-', '-', '-', 77),
(106, 'Kecamatan Sandubaya Kel. Karang Pande', '-', '-', '-', '-', 77),
(107, 'Kecamatan Sandubaya Kel. Karang Parwa', '-', '-', '-', '-', 77),
(108, 'Kecamatan Sandubaya Kel. Karang Pelambek', '-', '-', '-', '-', 77),
(109, 'Kecamatan Sandubaya Kel. Karang Rundun', '-', '-', '-', '-', 77),
(110, 'Kecamatan Sandubaya Kel. Kebon Duren', '-', '-', '-', '-', 77),
(111, 'Kecamatan Sandubaya Kel. Lendang Lekong', '-', '-', '-', '-', 77),
(112, 'Kecamatan Sandubaya Kel. Lendang Lekong Turida', '-', '-', '-', '-', 77),
(113, 'Kecamatan Sandubaya Kel. Montong Are', '-', '-', '-', '-', 77),
(114, 'Kecamatan Sandubaya Kel. Nyangget', '-', '-', '-', '-', 77),
(115, 'Kecamatan Sandubaya Kel. Pengempel Indah', '-', '-', '-', '-', 77),
(116, 'Kecamatan Sandubaya Kel. Sayo Baru', '-', '-', '-', '-', 77),
(117, 'Kecamatan Sandubaya Kel. Selagalas Baru', '-', '-', '-', '-', 77),
(118, 'Kecamatan Sandubaya Kel. Selagalas Lama', '-', '-', '-', '-', 77),
(119, 'Kecamatan Sandubaya Kel. Tegal', '-', '-', '-', '-', 77),
(120, 'Kecamatan Sandubaya Kel. Tembelok', '-', '-', '-', '-', 77),
(121, 'Kecamatan Sandubaya Kel. Turida Barat', '-', '-', '-', '-', 77),
(122, 'Kecamatan Sandubaya Kel. Turida Timur', '-', '-', '-', '-', 77),
(123, 'Kecamatan Sekarbela', '-', '-', '-', '-', 123),
(124, 'Kecamatan Sekarbela Kel.Jempong Baru', '-', '-', '-', '-', 123),
(125, 'Kecamatan Sekarbela Kel.Karang Pule', '-', '-', '-', '-', 123),
(126, 'Kecamatan Sekarbela Kel.Kekalik Jaya', '-', '-', '-', '-', 123),
(127, 'Kecamatan Sekarbela Kel.Tanjung Karang', '-', '-', '-', '-', 123),
(128, 'Kecamatan Sekarbela Kel.Tanjung Karang Permai', '-', '-', '-', '-', 123),
(129, 'Kecamatan Selaparang', '-', '-', '-', '-', 129),
(130, 'Kecamatan Selaparang Dasan Agung Baru', '-', '-', '-', '-', 129),
(131, 'Kecamatan Selaparang Kel Monjok', '-', '-', '-', '-', 129),
(132, 'Kecamatan Selaparang Kel. Dasan Agung', '-', '-', '-', '-', 129),
(133, 'Kecamatan Selaparang Kel. Gomong', '-', '-', '-', '-', 129),
(134, 'Kecamatan Selaparang Kel. Karang Baru', '-', '-', '-', '-', 129),
(135, 'Kecamatan Selaparang Kel. Mataram Barat', '-', '-', '-', '-', 129),
(136, 'Kecamatan Selaparang Kel. Monjok Barat', '-', '-', '-', '-', 129),
(137, 'Kecamatan Selaparang Kel. Monjok Timur', '-', '-', '-', '-', 129),
(138, 'Kecamatan Selaparang Kel. Rembiga', '-', '-', '-', '-', 129),
(140, 'Rumah Sakit Umum Daerah (RSUD)', '-', '-', '-', '-', 140),
(141, 'Satuan Polisi Pamong Praja (Pol PP)', '-', '-', '-', '-', 141),
(142, 'Sekretariat Daerah', '-', '-', '-', '-', 142),
(143, 'Sekretariat Daerah Bagian Administrasi Pelayanan dan Kerjasama', '-', '-', '-', '-', 142),
(144, 'Sekretariat Daerah Bagian Balap', '-', '-', '-', '-', 142),
(145, 'Sekretariat Daerah Bagian Ekonomi', '-', '-', '-', '-', 142),
(146, 'Sekretariat Daerah Bagian Hubungan Masyarakat (Humas)', '-', '-', '-', '-', 142),
(147, 'Sekretariat Daerah Bagian Hukum', '-', '-', '-', '-', 142),
(148, 'Sekretariat Daerah Bagian Kesejahteraan Rakyat (Kesra)', '-', '-', '-', '-', 142),
(149, 'Sekretariat Daerah Bagian Organisasi dan Tata Laksana (Ortal)', '-', '-', '-', '-', 142),
(150, 'Sekretariat Daerah Bagian Pemerintahan', '-', '-', '-', '-', 142),
(151, 'Sekretariat Daerah Bagian Umum', '-', '-', '-', '-', 142);

-- --------------------------------------------------------

--
-- Table structure for table `jenis_barang`
--

CREATE TABLE `jenis_barang` (
  `id_jenis_barang` int(11) NOT NULL,
  `jenis_barang` varchar(100) NOT NULL
) ENGINE=InnoDB DEFAULT CHARSET=latin1 COLLATE=latin1_swedish_ci ROW_FORMAT=DYNAMIC;

--
-- Dumping data for table `jenis_barang`
--

INSERT INTO `jenis_barang` (`id_jenis_barang`, `jenis_barang`) VALUES
(1, 'Kendaraan Roda Empat'),
(2, 'Kendaraan Roda Dua'),
(3, 'Kendaraan Roda Tiga'),
(4, 'Kendaraan Roda 5'),
(5, 'Kendaraan Roda Enam'),
(6, 'Kendaraan Roda 7'),
(7, 'Kendaraan Roda 8'),
(8, 'Kendaraan Roda 9');

-- --------------------------------------------------------

--
-- Table structure for table `jenis_bbm`
--

CREATE TABLE `jenis_bbm` (
  `id_bbm` int(11) NOT NULL,
  `jenis_bbm` varchar(50) NOT NULL
) ENGINE=InnoDB DEFAULT CHARSET=latin1 COLLATE=latin1_swedish_ci ROW_FORMAT=DYNAMIC;

--
-- Dumping data for table `jenis_bbm`
--

INSERT INTO `jenis_bbm` (`id_bbm`, `jenis_bbm`) VALUES
(1, 'Bensin'),
(2, 'Pertalite'),
(3, 'Pertamax'),
(4, 'Solar'),
(5, 'Pertamina Dex'),
(6, 'Dexlite'),
(7, 'Pertamax Racing'),
(8, 'Pertamax Turbo');

-- --------------------------------------------------------

--
-- Table structure for table `jenis_jabatan`
--

CREATE TABLE `jenis_jabatan` (
  `id_jabatan` int(11) NOT NULL,
  `nama_jabatan` varchar(225) NOT NULL
) ENGINE=InnoDB DEFAULT CHARSET=latin1 COLLATE=latin1_swedish_ci ROW_FORMAT=DYNAMIC;

--
-- Dumping data for table `jenis_jabatan`
--

INSERT INTO `jenis_jabatan` (`id_jabatan`, `nama_jabatan`) VALUES
(1, 'Kepala Dinas'),
(2, 'Plh Kepala Dinas'),
(3, 'Pejabat Pembuat Komitmen'),
(4, 'Bendahara Pengeluaran'),
(5, 'Kasubbag Tata Usaha'),
(6, 'Pengurus Barang');

-- --------------------------------------------------------

--
-- Table structure for table `kendaraan`
--

CREATE TABLE `kendaraan` (
  `id_kendaraan` int(11) NOT NULL,
  `jenis_id` int(11) NOT NULL,
  `merk_id` int(11) NOT NULL,
  `type_id` int(11) NOT NULL,
  `merk_type` varchar(150) NOT NULL,
  `isi_silinder` int(11) NOT NULL,
  `tahun_pembelian` int(11) NOT NULL,
  `nomor_rangka` varchar(50) NOT NULL,
  `nomor_mesin` varchar(50) NOT NULL,
  `nomor_polisi` varchar(50) NOT NULL,
  `nomor_bpkb` varchar(50) NOT NULL,
  `pemegang_id` int(11) NOT NULL,
  `kondisi_id` int(11) NOT NULL,
  `harga_pembelian` bigint(20) DEFAULT NULL,
  `pagu_perawatan` bigint(20) DEFAULT NULL,
  `tampak_depan` varchar(225) NOT NULL,
  `tampak_belakang` varchar(225) NOT NULL,
  `tampak_samping_r` varchar(225) NOT NULL,
  `tampak_samping_l` varchar(225) NOT NULL,
  `instansi_id` int(11) NOT NULL,
  `keterangan` varchar(150) NOT NULL
) ENGINE=InnoDB DEFAULT CHARSET=latin1 COLLATE=latin1_swedish_ci ROW_FORMAT=DYNAMIC;

--
-- Dumping data for table `kendaraan`
--

INSERT INTO `kendaraan` (`id_kendaraan`, `jenis_id`, `merk_id`, `type_id`, `merk_type`, `isi_silinder`, `tahun_pembelian`, `nomor_rangka`, `nomor_mesin`, `nomor_polisi`, `nomor_bpkb`, `pemegang_id`, `kondisi_id`, `harga_pembelian`, `pagu_perawatan`, `tampak_depan`, `tampak_belakang`, `tampak_samping_r`, `tampak_samping_l`, `instansi_id`, `keterangan`) VALUES
(1873, 1, 9, 675, '', 0, 2017, 'MHRRU1730HJ700568', 'L15Z61154434', 'DR 1246 AK', 'N.01440435 ', 1654, 1, 0, 0, '', '', '', '', 5, ''),
(1874, 1, 22, 680, '', 1000, 2011, 'MHFM1BA3JBK325464 ', 'DH65312', 'DR 230 AK', 'I-01200517', 1655, 1, 0, 0, '', '', '', '', 5, ''),
(1875, 1, 22, 681, '', 1000, 1993, 'MHF21KJF40-01144070', '5K9186300', 'DR 232 AK', 'A13204030', 1656, 2, 0, 0, '', '', '', '', 5, ''),
(1876, 1, 20, 678, '', 1000, 2001, 'MHYESL4101J621584 ', 'I0A-ID-6215', 'DR 1074 AK', '0754830.0', 1657, 3, 0, 0, '', '', '', '', 5, ''),
(1877, 2, 9, 674, '', 110, 2019, 'MH1JM1123KK292162', 'JM11E-2274272', 'DR 5657 AK', 'P-08617305', 1657, 1, 0, 0, '', '', '', '', 5, ''),
(1878, 2, 9, 677, '', 125, 2014, 'MH1JFJ115EK253661', 'JFJ1E-1247851', 'DR 4971 AK', 'L-06834611', 1659, 1, 0, 0, '', '', '', '', 5, ''),
(1879, 2, 9, 673, '', 110, 2012, 'MH1JF5120CK876019', 'JF51E-2862922', 'DR 4620 AK', 'I.08174082.0', 1660, 1, 0, 0, '', '', '', '', 5, ''),
(1880, 2, 9, 676, '', 110, 2017, 'MH1JFX111HK321901', 'JFXIE-1322062', 'DR 5586 AK', 'O-08315113', 1547, 1, 0, 0, '', '', '', '', 5, ''),
(1881, 2, 9, 676, '', 110, 2017, 'MH1JFX115HK317091', 'JFXIE-1316789', 'DR 5589 AK', 'O-08315115', 1662, 1, 0, 0, '', '', '', '', 5, ''),
(1882, 2, 9, 674, '', 110, 2019, 'MH1JM1122KK288734', 'JM11E-2270841', 'DR 5658 AK', 'P-08617304', 1663, 1, 0, 0, '', '', '', '', 5, ''),
(1883, 2, 9, 674, '', 110, 2019, 'H1JM1127KK279818', 'JM11E-2262427', 'DR 5659 AK', 'P-08617936', 1664, 1, 0, 0, '', '', '', '', 5, ''),
(1884, 2, 9, 674, '', 110, 2019, 'MH1JM1124KK279792', 'JM11E-2261815', 'DR 5660 AK', 'P-08617935', 1665, 1, 0, 0, '', '', '', '', 5, ''),
(1885, 2, 9, 676, '', 110, 2017, 'MH1JFX115HK321903', 'JFX1E-1322063', 'DR 5587 AK', 'O-08315114', 1666, 1, 0, 0, '', '', '', '', 5, ''),
(1886, 2, 28, 679, '', 125, 2011, 'MH8CF48CABJ 5I735I', 'F484.ID.5L7213', 'DR 4610 AK', 'I-05566006', 1655, 1, 0, 0, '', '', '', '', 5, ''),
(1887, 2, 25, 682, '', 125, 2014, 'MH31KP00DEJ900016', '1KP900044', 'DR 5018 AK', 'L.06862282', 1668, 1, 0, 0, '', '', '', '', 5, ''),
(1888, 2, 9, 672, '', 125, 2012, 'MH1JBF115BK029049', 'JBF1E.1027168', 'DR 4667 AK', '', 1654, 1, 0, 0, '', '', '', '', 5, ''),
(1889, 2, 9, 671, '', 125, 2009, 'MH1JB91739K625645', 'JB91E-1623523', 'DR 3478 AK', 'F.9470286.O', 1670, 1, 0, 0, '', '', '', '', 5, '');

-- --------------------------------------------------------

--
-- Table structure for table `kondisi`
--

CREATE TABLE `kondisi` (
  `id_kondisi` int(11) NOT NULL,
  `kondisi` varchar(100) NOT NULL
) ENGINE=InnoDB DEFAULT CHARSET=latin1 COLLATE=latin1_swedish_ci ROW_FORMAT=DYNAMIC;

--
-- Dumping data for table `kondisi`
--

INSERT INTO `kondisi` (`id_kondisi`, `kondisi`) VALUES
(1, 'Baik'),
(2, 'Rusak Ringan'),
(3, 'Rusak Berat'),
(4, 'Hilang'),
(5, 'Lelang');

-- --------------------------------------------------------

--
-- Table structure for table `log`
--

CREATE TABLE `log` (
  `id` int(11) NOT NULL,
  `user_id` int(11) NOT NULL,
  `username` varchar(100) NOT NULL,
  `nama` varchar(100) NOT NULL,
  `level` varchar(100) NOT NULL,
  `login` datetime NOT NULL,
  `logout` datetime NOT NULL
) ENGINE=InnoDB DEFAULT CHARSET=latin1 COLLATE=latin1_swedish_ci ROW_FORMAT=DYNAMIC;

-- --------------------------------------------------------

--
-- Table structure for table `merk`
--

CREATE TABLE `merk` (
  `id_merek` int(11) NOT NULL,
  `jenis_id` int(11) NOT NULL,
  `nama_merk` varchar(100) NOT NULL
) ENGINE=InnoDB DEFAULT CHARSET=latin1 COLLATE=latin1_swedish_ci ROW_FORMAT=DYNAMIC;

--
-- Dumping data for table `merk`
--

INSERT INTO `merk` (`id_merek`, `jenis_id`, `nama_merk`) VALUES
(1, 3, 'Azzabu'),
(2, 1, 'Chevrolet'),
(3, 1, 'Daihatsu'),
(4, 5, 'Dutro'),
(5, 1, 'Ford'),
(6, 3, 'Happy'),
(7, 1, 'Hino'),
(8, 5, 'Hitachi'),
(9, 2, 'Honda'),
(10, 1, 'Hyundai'),
(11, 1, 'Isuzu'),
(12, 3, 'Kaisar'),
(13, 2, 'Kawasaki'),
(14, 1, 'KIA'),
(15, 3, 'KTM'),
(16, 1, 'Lainnya'),
(17, 1, 'Mercedes'),
(18, 1, 'Mitsubishi'),
(19, 1, 'Nissan'),
(20, 2, 'Suzuki'),
(21, 3, 'Tossa'),
(22, 1, 'Toyota'),
(23, 3, 'Triseda'),
(24, 3, 'Viar'),
(25, 2, 'Yamaha'),
(26, 1, 'Zebra'),
(27, 5, 'Toyota'),
(28, 1, 'Suzuki'),
(29, 5, 'Suzuki'),
(30, 5, 'Lainnya'),
(31, 5, 'Isuzu'),
(32, 1, 'Honda'),
(33, 5, 'Honda'),
(34, 5, 'Hino');

-- --------------------------------------------------------

--
-- Table structure for table `pejabat`
--

CREATE TABLE `pejabat` (
  `id_jabatan` int(11) NOT NULL,
  `jenis_jabatan` int(11) NOT NULL,
  `nama_pejabat` varchar(100) NOT NULL,
  `nip_pejabat` bigint(20) NOT NULL,
  `instansi_id` int(11) NOT NULL
) ENGINE=InnoDB DEFAULT CHARSET=latin1 COLLATE=latin1_swedish_ci ROW_FORMAT=DYNAMIC;

--
-- Dumping data for table `pejabat`
--

INSERT INTO `pejabat` (`id_jabatan`, `jenis_jabatan`, `nama_pejabat`, `nip_pejabat`, `instansi_id`) VALUES
(1, 2, 'Ir. H. Ririn Yuniarti Listya W', 196206201986032014, 1),
(2, 6, 'Budiawan', 198410022014061004, 1),
(3, 1, 'asd', 123123, 2),
(4, 6, 'Nama Pengurus Barang', 123456789, 2);

-- --------------------------------------------------------

--
-- Table structure for table `pemegang`
--

CREATE TABLE `pemegang` (
  `id_pemegang` int(11) NOT NULL,
  `nama_pemegang` varchar(100) NOT NULL,
  `nip_pemegang` bigint(20) NOT NULL,
  `golongan_id` int(11) NOT NULL,
  `jenis_kelamin` enum('Laki-laki','Perempuan') NOT NULL,
  `email` varchar(50) NOT NULL,
  `jabatan` varchar(200) NOT NULL,
  `alamat` text NOT NULL,
  `no_telp` varchar(50) NOT NULL,
  `instansi_id` int(11) NOT NULL,
  `namafile` varchar(225) NOT NULL
) ENGINE=InnoDB DEFAULT CHARSET=latin1 COLLATE=latin1_swedish_ci ROW_FORMAT=DYNAMIC;

--
-- Dumping data for table `pemegang`
--

INSERT INTO `pemegang` (`id_pemegang`, `nama_pemegang`, `nip_pemegang`, `golongan_id`, `jenis_kelamin`, `email`, `jabatan`, `alamat`, `no_telp`, `instansi_id`, `namafile`) VALUES
(1, 'WIrahadi', 0, 0, 'Laki-laki', 'admin@makassar.go.id', '2', 'Mataram', '085253302878', 1, 'gagah'),
(3, ' Abdul Aziz Paradi', 0, 0, '', '', '', '', '', 39, ''),
(4, ' Feletehan Kusuma Putra', 0, 0, '', '', '', '', '', 67, ''),
(5, '  H. Ishaka, S.Pd. ', 0, 0, '', '', '', '', '', 73, ''),
(6, '  H. Zaenudin, S.Sos. ', 0, 0, '', '', '', '', '', 76, ''),
(7, '  Habibullah  ', 0, 0, '', '', '', '', '', 74, ''),
(8, '  I Gde Barunadi ', 0, 0, '', '', '', '', '', 76, ''),
(9, ' I Gde Suarditha', 0, 0, '', '', '', '', '', 75, ''),
(10, ' I Ketut Wiardi Ardana, SH (Auditor)', 0, 0, '', '', '', '', '', 43, ''),
(11, ' I Nengah Narta', 0, 0, '', '', '', '', '', 70, ''),
(12, '  I Wayan Suparta ', 0, 0, '', '', '', '', '', 66, ''),
(13, ' Muhammad Erwan, S.STP.', 0, 0, '', '', '', '', '', 66, ''),
(14, '  Mustaal, SH. ', 0, 0, '', '', '', '', '', 67, ''),
(15, '  Mustayib Ansori ', 0, 0, '', '', '', '', '', 72, ''),
(16, '  Rahmawati Sanusi ', 0, 0, '', '', '', '', '', 70, ''),
(17, 'A L W I, S. IP (Lurah Lama)', 0, 0, '', '', '', '', '', 52, ''),
(18, 'A r i f u d i n , SE', 0, 0, '', '', '', '', '', 34, ''),
(19, 'A Syahrul Hamdan', 0, 0, '', '', '', '', '', 58, ''),
(20, 'A. Hamdi', 0, 0, '', '', '', '', '', 26, ''),
(21, 'A. Zulkarnaen', 0, 0, '', '', '', '', '', 65, ''),
(22, 'A.Subeki', 0, 0, '', '', '', '', '', 26, ''),
(23, 'Abdul Azis Muslim', 0, 0, '', '', '', '', '', 12, ''),
(24, 'Abdul Gani', 0, 0, '', '', '', '', '', 69, ''),
(25, 'Abdul Hamid, SH. (Pembantu PPK Pembuat SPM) ', 0, 0, '', '', '', '', '', 43, ''),
(26, 'Abdul Hanan Akbar', 0, 0, '', '', '', '', '', 136, ''),
(27, ' Abdul Haris Zakaria ', 0, 0, '', '', '', '', '', 38, ''),
(28, 'Abdul Majid,SIP', 0, 0, '', '', '', '', '', 2, ''),
(29, 'ABDUL MANAF', 0, 0, '', '', '', '', '', 62, ''),
(30, 'Abdul Manan, S. Kom., M. Eng', 0, 0, '', '', '', '', '', 25, ''),
(31, 'ABDUL SALAM. SIP', 0, 0, '', '', '', '', '', 42, ''),
(32, 'Abdurrahim', 0, 0, '', '', '', '', '', 50, ''),
(33, 'ABDURRAHMAN', 0, 0, '', '', '', '', '', 53, ''),
(34, 'Abdus Salam', 0, 0, '', '', '', '', '', 35, ''),
(35, ' Abhar Amrullah ', 0, 0, '', '', '', '', '', 73, ''),
(36, 'Abu Hasim', 0, 0, '', '', '', '', '', 26, ''),
(37, 'Adawiyah, ST', 0, 0, '', '', '', '', '', 28, ''),
(38, 'Addin Harfitriyantho', 0, 0, '', '', '', '', '', 4, ''),
(39, 'Ade Nurbuana Fitri, SP', 0, 0, '', '', '', '', '', 3, ''),
(40, 'Adi Cawarman', 0, 0, '', '', '', '', '', 36, ''),
(41, 'ADI INDRAPRATAMA', 0, 0, '', '', '', '', '', 147, ''),
(42, 'Adi Pariadi', 0, 0, '', '', '', '', '', 76, ''),
(43, 'Adi Sopian', 0, 0, '', '', '', '', '', 39, ''),
(44, 'Adi Susilo', 0, 0, '', '', '', '', '', 39, ''),
(45, 'Adiat Rasyanto', 0, 0, '', '', '', '', '', 36, ''),
(46, ' Adnan ', 0, 0, '', '', '', '', '', 38, ''),
(47, 'ADNIN', 0, 0, '', '', '', '', '', 151, ''),
(48, 'Agung Pramono, S.Sos', 0, 0, '', '', '', '', '', 1, ''),
(49, 'AGUNG S ', 0, 0, '', '', '', '', '', 151, ''),
(50, 'Agung Satriadi', 0, 0, '', '', '', '', '', 39, ''),
(51, 'Agus Adam Wibawa, ST', 0, 0, '', '', '', '', '', 39, ''),
(52, 'Agus Aryadi', 0, 0, '', '', '', '', '', 57, ''),
(53, 'Agus Budiharto,A.Md', 0, 0, '', '', '', '', '', 3, ''),
(54, 'AGUS KARYADI. SADM', 0, 0, '', '', '', '', '', 42, ''),
(55, 'Agus Komarianto S., SSTP', 0, 0, '', '', '', '', '', 7, ''),
(56, 'Agus Maryadi Jamain, ST', 0, 0, '', '', '', '', '', 39, ''),
(57, 'Agus Murwanto', 0, 0, '', '', '', '', '', 3, ''),
(58, 'Agus Pramono, S. Pi.M. Si', 0, 0, '', '', '', '', '', 36, ''),
(59, 'Agus Salim', 0, 0, '', '', '', '', '', 4, ''),
(60, 'Agus Satriadi', 0, 0, '', '', '', '', '', 39, ''),
(61, 'Agus Sunandar, S.SiT', 0, 0, '', '', '', '', '', 35, ''),
(62, 'AGUS TONI HARRIANTO. SKOM', 0, 0, '', '', '', '', '', 42, ''),
(63, 'Agustina Dian Widyastuti, S.Ip', 0, 0, '', '', '', '', '', 33, ''),
(64, 'Ahadi Hudaya SE', 0, 0, '', '', '', '', '', 41, ''),
(65, 'Ahhmad Tahril', 0, 0, '', '', '', '', '', 26, ''),
(66, 'Ahmad', 0, 0, '', '', '', '', '', 4, ''),
(67, 'Ahmad Amrin,SE.M.Ak', 0, 0, '', '', '', '', '', 3, ''),
(68, 'Ahmad Amrullah', 0, 0, '', '', '', '', '', 136, ''),
(69, 'Ahmad Anwar', 0, 0, '', '', '', '', '', 71, ''),
(70, 'Ahmad Baehaqi', 0, 0, '', '', '', '', '', 38, ''),
(71, 'Ahmad Fathi', 0, 0, '', '', '', '', '', 3, ''),
(72, ' Ahmad Haeri ', 0, 0, '', '', '', '', '', 69, ''),
(73, 'AHMAD HARDANIN', 0, 0, '', '', '', '', '', 126, ''),
(74, 'Ahmad Juani', 0, 0, '', '', '', '', '', 71, ''),
(75, 'Ahmad Junaidi', 0, 0, '', '', '', '', '', 133, ''),
(76, 'AHMAD KUSAIRI', 0, 0, '', '', '', '', '', 124, ''),
(77, 'Ahmad Marwi, SH', 0, 0, '', '', '', '', '', 1, ''),
(78, 'Ahmad Mujahidin, A.Md', 0, 0, '', '', '', '', '', 1, ''),
(79, 'Ahmad Nacfil, S. Sos ', 0, 0, '', '', '', '', '', 129, ''),
(80, 'Ahmad Noor', 0, 0, '', '', '', '', '', 39, ''),
(81, 'Ahmad Nurul Wahyudin', 0, 0, '', '', '', '', '', 55, ''),
(82, 'Ahmad Saeful', 0, 0, '', '', '', '', '', 138, ''),
(83, 'Ahmad Suhaili', 0, 0, '', '', '', '', '', 26, ''),
(84, 'Ahmad Tahlis', 0, 0, '', '', '', '', '', 25, ''),
(85, 'Ahmad Tanwirul Absor', 0, 0, '', '', '', '', '', 71, ''),
(86, 'Ahmad Tirmizi (Kr Pande)', 0, 0, '', '', '', '', '', 106, ''),
(87, 'Ahmad Wajdi', 0, 0, '', '', '', '', '', 57, ''),
(88, 'Ahmad Zaini, S.IP', 0, 0, '', '', '', '', '', 9, ''),
(89, 'Ahmad Zazuli Nur, SH', 0, 0, '', '', '', '', '', 36, ''),
(90, 'Ahyadi  (Sopir Operasional)', 0, 0, '', '', '', '', '', 38, ''),
(91, 'AIDIN', 0, 0, '', '', '', '', '', 149, ''),
(92, 'AJI PRATAMA PUTRA', 0, 0, '', '', '', '', '', 126, ''),
(93, 'Akmaluddin', 0, 0, '', '', '', '', '', 3, ''),
(94, 'Akmaludin,S.Sos', 0, 0, '', '', '', '', '', 3, ''),
(95, 'Akmalul Akhsan, SH (Irban III)', 0, 0, '', '', '', '', '', 43, ''),
(96, ' Aladi Pristiono ', 0, 0, '', '', '', '', '', 67, ''),
(97, 'Ali Akbar', 0, 0, '', '', '', '', '', 132, ''),
(98, 'ALIMSYAH', 0, 0, '', '', '', '', '', 52, ''),
(99, 'Aluh Indra Asniati, SE', 0, 0, '', '', '', '', '', 41, ''),
(100, 'Aminullah', 0, 0, '', '', '', '', '', 68, ''),
(101, 'AMIRIN', 0, 0, '', '', '', '', '', 124, ''),
(102, 'AMIRUDIN', 0, 0, '', '', '', '', '', 124, ''),
(103, 'Amirudin S.Pd', 0, 0, '', '', '', '', '', 32, ''),
(104, 'Amran M. Amin, S. Sos', 0, 0, '', '', '', '', '', 8, ''),
(105, 'Amrillah', 0, 0, '', '', '', '', '', 26, ''),
(106, 'Anang Hapzullah, S Sos', 0, 0, '', '', '', '', '', 31, ''),
(107, 'Andi Darwis, ST', 0, 0, '', '', '', '', '', 26, ''),
(108, 'Andi Irsodi (Bbk Timur Sel)', 0, 0, '', '', '', '', '', 85, ''),
(109, 'Andi Kurniawan, S. Si., MT', 0, 0, '', '', '', '', '', 25, ''),
(110, 'Andi Supriyadi', 0, 0, '', '', '', '', '', 21, ''),
(111, 'Andy Setiawan, S.Si', 0, 0, '', '', '', '', '', 38, ''),
(112, 'Anhar Ashadi', 0, 0, '', '', '', '', '', 130, ''),
(113, ' Anuri, BA. ', 0, 0, '', '', '', '', '', 72, ''),
(114, 'ANWAR M NUR', 0, 0, '', '', '', '', '', 124, ''),
(115, 'Apriady, SSTP', 0, 0, '', '', '', '', '', 130, ''),
(116, 'Apriani', 0, 0, '', '', '', '', '', 33, ''),
(117, 'Aprilina', 0, 0, '', '', '', '', '', 20, ''),
(118, 'Arga Maulana, SE.,ME.\n\n', 0, 0, '', '', '', '', '', 6, ''),
(119, 'Arie Febriyanto', 0, 0, '', '', '', '', '', 32, ''),
(120, 'Arif Budiono', 0, 0, '', '', '', '', '', 26, ''),
(121, 'Arif Gunawan, SE,M. Si', 0, 0, '', '', '', '', '', 31, ''),
(122, 'Arif Rahman Hakim', 0, 0, '', '', '', '', '', 39, ''),
(123, 'ARIF RAHMAN, SE', 0, 0, '', '', '', '', '', 28, ''),
(124, 'Arifiawan Mardjun, S.STP', 0, 0, '', '', '', '', '', 35, ''),
(125, 'ARIPIN,S.Sos', 0, 0, '', '', '', '', '', 51, ''),
(126, 'Aris Herdian Asriyadi ST', 0, 0, '', '', '', '', '', 26, ''),
(127, 'ARUDIN', 0, 0, '', '', '', '', '', 128, ''),
(128, 'Aryo Mardjan,SE', 0, 0, '', '', '', '', '', 3, ''),
(129, 'Asfiani Wardati, SE.,M.Ak (Auditor Muda)', 0, 0, '', '', '', '', '', 43, ''),
(130, 'Ashadi Bahtiar', 0, 0, '', '', '', '', '', 20, ''),
(131, 'ASISTEN 1', 0, 0, '', '', '', '', '', 142, ''),
(132, 'ASISTEN 2  (DR 1204 AK)', 0, 0, '', '', '', '', '', 142, ''),
(133, 'ASISTEN 3', 0, 0, '', '', '', '', '', 142, ''),
(134, 'Asman', 0, 0, '', '', '', '', '', 24, ''),
(135, ' Asmono ', 0, 0, '', '', '', '', '', 67, ''),
(136, 'Asmu\'in', 0, 0, '', '', '', '', '', 136, ''),
(137, 'ASMUNI', 0, 0, '', '', '', '', '', 127, ''),
(138, 'Aspun Bahri', 0, 0, '', '', '', '', '', 12, ''),
(139, 'Asril Samsidi', 0, 0, '', '', '', '', '', 26, ''),
(140, 'Asrullah (Butun Indah)', 0, 0, '', '', '', '', '', 90, ''),
(141, 'Aulia Hafizah', 0, 0, '', '', '', '', '', 16, ''),
(142, 'Aulia Purnamasari, SE, MT', 0, 0, '', '', '', '', '', 3, ''),
(143, 'Awaluddin', 0, 0, '', '', '', '', '', 38, ''),
(144, 'Awaludin', 0, 0, '', '', '', '', '', 138, ''),
(145, 'AYAT U', 0, 0, '', '', '', '', '', 151, ''),
(146, 'Ayatullah Humaini', 0, 0, '', '', '', '', '', 18, ''),
(147, 'Azami', 0, 0, '', '', '', '', '', 65, ''),
(148, 'AZIMUDIN, ST', 0, 0, '', '', '', '', '', 28, ''),
(149, 'Azin Farizi', 0, 0, '', '', '', '', '', 131, ''),
(150, 'Aziz Dahlan (Montong Are)', 0, 0, '', '', '', '', '', 113, ''),
(151, 'B KUSUMAWARDANI', 0, 0, '', '', '', '', '', 143, ''),
(152, 'B. Ida Dini Hartini, S.Sos. MM', 0, 0, '', '', '', '', '', 140, ''),
(153, ' B. Lia Permata L., STP ', 0, 0, '', '', '', '', '', 38, ''),
(154, 'B. Nelly Kusumawati M.', 0, 0, '', '', '', '', '', 1, ''),
(155, 'B. Widiastuti', 0, 0, '', '', '', '', '', 26, ''),
(156, 'Badan Keuangan Daerah Kota Mataram', 0, 0, '', '', '', '', '', 40, ''),
(157, 'Badri', 0, 0, '', '', '', '', '', 56, ''),
(158, 'Bagian Umum', 0, 0, '', '', '', '', '', 24, ''),
(159, 'Bagian Umum Balitbang', 0, 0, '', '', '', '', '', 5, ''),
(160, 'Baharudin', 0, 0, '', '', '', '', '', 75, ''),
(161, 'Bahraini', 0, 0, '', '', '', '', '', 65, ''),
(162, 'Baihaqy (Gerung Btun Timur)', 0, 0, '', '', '', '', '', 99, ''),
(163, 'Baiq Ainun, S. Pi', 0, 0, '', '', '', '', '', 36, ''),
(164, 'Baiq Aprianti, SE', 0, 0, '', '', '', '', '', 38, ''),
(165, ' Baiq Artiniwati ', 0, 0, '', '', '', '', '', 68, ''),
(166, 'Baiq Candrayani', 0, 0, '', '', '', '', '', 12, ''),
(167, 'Baiq Dewi Saprini, SE', 0, 0, '', '', '', '', '', 77, ''),
(168, 'Baiq Erna Indra Rukmana', 0, 0, '', '', '', '', '', 12, ''),
(169, 'Baiq Fatmiati', 0, 0, '', '', '', '', '', 33, ''),
(170, 'Baiq Herawati', 0, 0, '', '', '', '', '', 26, ''),
(171, 'Baiq Indah Isnaini', 0, 0, '', '', '', '', '', 24, ''),
(172, 'Baiq Isyatin Rodiah, SH', 0, 0, '', '', '', '', '', 1, ''),
(173, 'Baiq Mahnur, S.IP', 0, 0, '', '', '', '', '', 9, ''),
(174, 'BAIQ MARNI ', 0, 0, '', '', '', '', '', 151, ''),
(175, ' Baiq Maryam, SP ', 0, 0, '', '', '', '', '', 38, ''),
(176, 'BAIQ PARNINGSIH', 0, 0, '', '', '', '', '', 56, ''),
(177, 'Baiq Rapatullah, SP', 0, 0, '', '', '', '', '', 24, ''),
(178, 'Baiq Rosmi Waliyanti, S.SI', 0, 0, '', '', '', '', '', 4, ''),
(179, 'BAIQ SAKINI', 0, 0, '', '', '', '', '', 44, ''),
(180, 'Baiq Saparti Hamny, S. Kom', 0, 0, '', '', '', '', '', 25, ''),
(181, 'Baiq Suryani Prihatin', 0, 0, '', '', '', '', '', 37, ''),
(182, 'Baiq Suryani,S.IP', 0, 0, '', '', '', '', '', 3, ''),
(183, 'Baiq Susi Indramala', 0, 0, '', '', '', '', '', 129, ''),
(184, 'Bambang', 0, 0, '', '', '', '', '', 32, ''),
(185, ' Bambang Satriawan ', 0, 0, '', '', '', '', '', 38, ''),
(186, 'Bambang Setiawan.S.Pd', 0, 0, '', '', '', '', '', 32, ''),
(187, 'Bambang Suharyanto', 0, 0, '', '', '', '', '', 3, ''),
(188, 'BANI ', 0, 0, '', '', '', '', '', 151, ''),
(189, 'BANJAR', 0, 0, '', '', '', '', '', 48, ''),
(190, 'BAPEDA', 0, 0, '', '', '', '', '', 142, ''),
(191, 'Basaruddin, S.Sos.', 0, 0, '', '', '', '', '', 66, ''),
(192, 'Basarudin', 0, 0, '', '', '', '', '', 64, ''),
(193, 'BAYU PANCAPATI AMIRUDDIN, S.STP', 0, 0, '', '', '', '', '', 141, ''),
(194, 'BAYU PURNAMA R', 0, 0, '', '', '', '', '', 54, ''),
(195, 'Beni Harianto (Ds Cermen U)', 0, 0, '', '', '', '', '', 94, ''),
(196, 'BPM', 0, 0, '', '', '', '', '', 142, ''),
(197, 'BQ APRIANTI', 0, 0, '', '', '', '', '', 145, ''),
(198, 'BQ LENI ANDRIANI', 0, 0, '', '', '', '', '', 147, ''),
(199, 'BQ LIDYA ANGGREINI', 0, 0, '', '', '', '', '', 146, ''),
(200, 'Bq Yani', 0, 0, '', '', '', '', '', 19, ''),
(201, 'Bq. Juniarti', 0, 0, '', '', '', '', '', 18, ''),
(202, 'Bq. Mahdaroh Fineteri', 0, 0, '', '', '', '', '', 13, ''),
(203, 'Bq. Mardha Ningrum Mungguh', 0, 0, '', '', '', '', '', 75, ''),
(204, 'Bq. Nurmaya, SE', 0, 0, '', '', '', '', '', 30, ''),
(205, 'Bq. Rosita', 0, 0, '', '', '', '', '', 23, ''),
(206, 'Bq. Siti Rohaniawati, S. And', 0, 0, '', '', '', '', '', 24, ''),
(207, 'Bq. Umiati RJ, M.Pd', 0, 0, '', '', '', '', '', 32, ''),
(208, 'BQ. YULIA KUSUMAYANTI, ST. MT ', 0, 0, '', '', '', '', '', 144, ''),
(209, 'Bq.Nurhayati', 0, 0, '', '', '', '', '', 22, ''),
(210, 'Bq.Siti Maesarah,S.Sos', 0, 0, '', '', '', '', '', 3, ''),
(211, 'Bu Khaela', 0, 0, '', '', '', '', '', 33, ''),
(212, 'Budi Hadi', 0, 0, '', '', '', '', '', 32, ''),
(213, 'Budi Hastutiani', 0, 0, '', '', '', '', '', 23, ''),
(214, 'BUDI WAHYUDIN', 0, 0, '', '', '', '', '', 44, ''),
(215, 'BUDI WARTONO, S,STP', 0, 0, '', '', '', '', '', 141, ''),
(216, 'Budiasih Ahyar ', 0, 0, '', '', '', '', '', 38, ''),
(217, 'Budiawan', 0, 0, '', '', '', '', '', 8, ''),
(218, ' Bukron ', 0, 0, '', '', '', '', '', 68, ''),
(219, 'Burhanudin', 0, 0, '', '', '', '', '', 26, ''),
(220, 'Burhnudin', 0, 0, '', '', '', '', '', 26, ''),
(221, 'CAHYA SAMUDRA.S.STP.MH', 0, 0, '', '', '', '', '', 123, ''),
(222, 'Cahyo Wirawan S.Pd', 0, 0, '', '', '', '', '', 32, ''),
(223, 'CAMAT CAKRA', 0, 0, '', '', '', '', '', 142, ''),
(224, 'Carnoto, SKM', 0, 0, '', '', '', '', '', 12, ''),
(225, 'Catur Marliandini', 0, 0, '', '', '', '', '', 33, ''),
(226, 'Cecep Betaris (Grg Butun Brt)', 0, 0, '', '', '', '', '', 98, ''),
(227, 'Chaerul Anwar', 0, 0, '', '', '', '', '', 10, ''),
(228, 'Chairul Sochib SKM', 0, 0, '', '', '', '', '', 12, ''),
(229, 'Charisma Putra, S.Pt', 0, 0, '', '', '', '', '', 3, ''),
(230, 'Chi S. Basarewan, S.Sos', 0, 0, '', '', '', '', '', 33, ''),
(231, 'Cok Sutriana', 0, 0, '', '', '', '', '', 58, ''),
(232, ' Dahlan Ahmad Marzuki  ', 0, 0, '', '', '', '', '', 38, ''),
(233, 'Dahlan, SH', 0, 0, '', '', '', '', '', 32, ''),
(234, 'Dahlia Nurul Kustiathi, S.Pt', 0, 0, '', '', '', '', '', 38, ''),
(235, 'Dahri, S. Sos', 0, 0, '', '', '', '', '', 57, ''),
(236, 'DANANG CAHYO NUGROHO, ST', 0, 0, '', '', '', '', '', 144, ''),
(237, 'Danu Suryadi', 0, 0, '', '', '', '', '', 65, ''),
(238, 'Darmanan, SIP', 0, 0, '', '', '', '', '', 38, ''),
(239, 'Dea, Hj. Suhartini, M.Pd', 0, 0, '', '', '', '', '', 32, ''),
(240, 'Dede Ihyaulumudin', 0, 0, '', '', '', '', '', 132, ''),
(241, 'DEDET STAF SEKDA', 0, 0, '', '', '', '', '', 151, ''),
(242, 'DEDI ALPIAN', 0, 0, '', '', '', '', '', 45, ''),
(243, 'Dedi Hernanto', 0, 0, '', '', '', '', '', 33, ''),
(244, 'Dedi Hirawan', 0, 0, '', '', '', '', '', 136, ''),
(245, ' Dedi Rahman ', 0, 0, '', '', '', '', '', 66, ''),
(246, 'Dedi Tista Amijaya, S.Sos', 0, 0, '', '', '', '', '', 33, ''),
(247, 'Deni Kurniawan', 0, 0, '', '', '', '', '', 133, ''),
(248, 'DENNY ATAUDSYAH', 0, 0, '', '', '', '', '', 145, ''),
(249, 'Denny Firmansyah', 0, 0, '', '', '', '', '', 63, ''),
(250, 'DENY ALAUDSYAH', 0, 0, '', '', '', '', '', 143, ''),
(251, 'Desak Ketut Gunanti', 0, 0, '', '', '', '', '', 15, ''),
(252, 'DESAK MADE WIDIASIH', 0, 0, '', '', '', '', '', 141, ''),
(253, 'Desak Pt. Sudiwartini Dewi', 0, 0, '', '', '', '', '', 18, ''),
(254, 'Desak Putu Heny', 0, 0, '', '', '', '', '', 15, ''),
(255, 'Desi Indriani Pertiwi, S.Psi.', 0, 0, '', '', '', '', '', 67, ''),
(256, 'DESI TRI MARIANA', 0, 0, '', '', '', '', '', 151, ''),
(257, 'Dessy Supriatin, SH', 0, 0, '', '', '', '', '', 132, ''),
(258, 'Destalia Hakarini, SE', 0, 0, '', '', '', '', '', 6, ''),
(259, ' Desy Pridjayanti, SP ', 0, 0, '', '', '', '', '', 38, ''),
(260, 'Devi Astuti Parlina, S.Adm.M.Ak', 0, 0, '', '', '', '', '', 3, ''),
(261, 'Devi Triyuliana Nasti', 0, 0, '', '', '', '', '', 18, ''),
(262, 'Dewa Ny. Wirya D (Gedur)', 0, 0, '', '', '', '', '', 95, ''),
(263, 'DEWAN ANAK KOTA MATARAM', 0, 0, '', '', '', '', '', 42, ''),
(264, 'Dewan Pendidikan', 0, 0, '', '', '', '', '', 32, ''),
(265, 'Dewi Ekawati, S.IP', 0, 0, '', '', '', '', '', 1, ''),
(266, 'DEWI FATMAWATI, SE', 0, 0, '', '', '', '', '', 28, ''),
(267, 'Dewi Kusumadewi', 0, 0, '', '', '', '', '', 15, ''),
(268, 'Dewi Nitasari, SH., MH. (Pengawas Pemerintah Madya)', 0, 0, '', '', '', '', '', 43, ''),
(269, 'DEWI PURNAMA', 0, 0, '', '', '', '', '', 146, ''),
(270, 'DI PINJAM KPU', 0, 0, '', '', '', '', '', 42, ''),
(271, 'Diah Retnowati', 0, 0, '', '', '', '', '', 18, ''),
(272, 'Dian Haryono', 0, 0, '', '', '', '', '', 39, ''),
(273, 'Dian Novita Sari', 0, 0, '', '', '', '', '', 12, ''),
(274, 'Diana Wahyuningrum, BA', 0, 0, '', '', '', '', '', 129, ''),
(275, 'Didi Kurniadi', 0, 0, '', '', '', '', '', 26, ''),
(276, 'Didik Hardian K', 0, 0, '', '', '', '', '', 26, ''),
(277, 'DIDIK SUHARIANTO', 0, 0, '', '', '', '', '', 28, ''),
(278, 'DINAS LINGKUNGAN HIDUP', 0, 0, '', '', '', '', '', 142, ''),
(279, 'DINAS PENDIDIKAN', 0, 0, '', '', '', '', '', 142, ''),
(280, 'DINAS PERHUBUNGAN', 0, 0, '', '', '', '', '', 142, ''),
(281, 'DITARIK KE PROVINSI', 0, 0, '', '', '', '', '', 142, ''),
(282, 'DODI PINALOZA, ST', 0, 0, '', '', '', '', '', 28, ''),
(283, 'DPRD KOTA', 0, 0, '', '', '', '', '', 142, ''),
(284, 'Dr. Emirald Isfihan', 0, 0, '', '', '', '', '', 140, ''),
(285, 'Dr. Emirald Isfihan,MARS', 0, 0, '', '', '', '', '', 140, ''),
(286, 'dr. H. Usman Hadi', 0, 0, '', '', '', '', '', 12, ''),
(287, 'Dra. Astuti, M.Si', 0, 0, '', '', '', '', '', 5, ''),
(288, 'Dra. Baiq Hurun Afwin', 0, 0, '', '', '', '', '', 33, ''),
(289, 'Dra. Devi Yunitasari', 0, 0, '', '', '', '', '', 30, ''),
(290, 'DRA. DIAN AYUNINGRATI, SH (Kabag)', 0, 0, '', '', '', '', '', 151, ''),
(291, 'Dra. Endang Utami Rahayu', 0, 0, '', '', '', '', '', 1, ''),
(292, 'Dra. Hj. Asmawati', 0, 0, '', '', '', '', '', 32, ''),
(293, 'Dra. Hj. Indah Deporawati', 0, 0, '', '', '', '', '', 32, ''),
(294, 'Dra. Hj. Kurniati', 0, 0, '', '', '', '', '', 9, ''),
(295, 'Dra. Hj. Siti Miftahayatun ', 0, 0, '', '', '', '', '', 7, ''),
(296, 'Dra. Hj. Siti Sarah', 0, 0, '', '', '', '', '', 32, ''),
(297, 'Dra. Ni Nyoman Sri Padmiwati', 0, 0, '', '', '', '', '', 33, ''),
(298, 'Dra. Sastri Purnamawati', 0, 0, '', '', '', '', '', 33, ''),
(299, 'Dra. Siti Aminah', 0, 0, '', '', '', '', '', 33, ''),
(300, 'Dra. Titik Widiani', 0, 0, '', '', '', '', '', 30, ''),
(301, 'Dra.Ni Ngh Sri Swati.M.Pd', 0, 0, '', '', '', '', '', 32, ''),
(302, 'drg. Ahmad Zulfikar', 0, 0, '', '', '', '', '', 12, ''),
(303, 'drg. Dianita Rahmi', 0, 0, '', '', '', '', '', 12, ''),
(304, 'drh Vidya Febrianti', 0, 0, '', '', '', '', '', 38, ''),
(305, 'drh. Dijan Rijatmoko, M.Si', 0, 0, '', '', '', '', '', 38, ''),
(306, 'drh. Imran', 0, 0, '', '', '', '', '', 38, ''),
(307, 'Drh. M. Irfan Sabri', 0, 0, '', '', '', '', '', 38, ''),
(308, 'Drh. Nyoman Sugiharta', 0, 0, '', '', '', '', '', 38, ''),
(309, 'Drs Agus Suryadi', 0, 0, '', '', '', '', '', 31, ''),
(310, 'Drs Ahadiar Rahman Ramdhan', 0, 0, '', '', '', '', '', 31, ''),
(311, 'Drs Sutrisno S. MBA', 0, 0, '', '', '', '', '', 33, ''),
(312, 'Drs. Agus Nugroho Raharjo, MH', 0, 0, '', '', '', '', '', 4, ''),
(313, 'Drs. Andyk Sutijono', 0, 0, '', '', '', '', '', 33, ''),
(314, 'Drs. Cokorda Sudira Muliarsa', 0, 0, '', '', '', '', '', 31, ''),
(315, 'Drs. Cukup Wibowo, M.Mpd', 0, 0, '', '', '', '', '', 35, ''),
(316, 'Drs. H. Abdul Latif Nadjib. MM ', 0, 0, '', '', '', '', '', 27, ''),
(317, 'Drs. H. Agus Salim', 0, 0, '', '', '', '', '', 32, ''),
(318, 'Drs. H. Asil', 0, 0, '', '', '', '', '', 32, ''),
(319, 'Drs. H. Khalid', 0, 0, '', '', '', '', '', 35, ''),
(320, 'Drs. H. L. Abdul Hamid, M.si  ', 0, 0, '', '', '', '', '', 27, ''),
(321, 'Drs. H. L. Mohammad sidiq., M.pd', 0, 0, '', '', '', '', '', 32, ''),
(322, 'Drs. H. Lalu Junaidi', 0, 0, '', '', '', '', '', 25, ''),
(323, 'Drs. H. M. JUFRI', 0, 0, '', '', '', '', '', 141, ''),
(324, 'Drs. H. Sahrul Aini', 0, 0, '', '', '', '', '', 32, ''),
(325, 'Drs. H. SUPARTO', 0, 0, '', '', '', '', '', 125, ''),
(326, 'Drs. H.M. Kemal Islam', 0, 0, '', '', '', '', '', 39, ''),
(327, 'DRS. Haerul Hakim', 0, 0, '', '', '', '', '', 50, ''),
(328, 'Drs. Hamka Almu, M.Ak (Pengawas Pemerintah Madya)', 0, 0, '', '', '', '', '', 43, ''),
(329, 'Drs. HASMIN, MH', 0, 0, '', '', '', '', '', 9, ''),
(330, 'Drs. I Made Gede Yasa, MM', 0, 0, '', '', '', '', '', 4, ''),
(331, 'Drs. I NYOMAN SUARDIASA, MH (Kabag)', 0, 0, '', '', '', '', '', 149, ''),
(332, 'Drs. Ibrahim, MM', 0, 0, '', '', '', '', '', 8, ''),
(333, 'DRS. IDA BAGUS BIYOHA', 0, 0, '', '', '', '', '', 60, ''),
(334, 'Drs. Irwansyah', 0, 0, '', '', '', '', '', 26, ''),
(335, 'Drs. L. AKHMAD CAHYADI', 0, 0, '', '', '', '', '', 62, ''),
(336, 'Drs. L. Muhibbisakdi', 0, 0, '', '', '', '', '', 32, ''),
(337, 'drs. Lalu Asmawa', 0, 0, '', '', '', '', '', 38, ''),
(338, 'Drs. Lalu Hikmat Hambali', 0, 0, '', '', '', '', '', 68, ''),
(339, 'DRS. LALU MASHUN (Kabag)', 0, 0, '', '', '', '', '', 146, ''),
(340, 'Drs. Lalu Samsul Adnan', 0, 0, '', '', '', '', '', 77, ''),
(341, 'Drs. Misbach', 0, 0, '', '', '', '', '', 3, ''),
(342, 'Drs. MOHAN ROLISKANA', 0, 0, '', '', '', '', '', 142, ''),
(343, 'Drs. Mulia Hardi', 0, 0, '', '', '', '', '', 33, ''),
(344, ' Drs. Nasrullah, AM ', 0, 0, '', '', '', '', '', 73, ''),
(345, 'DRS. Ruslan Abdul Gani', 0, 0, '', '', '', '', '', 24, ''),
(346, 'Drs. Rusni, SH,.MM', 0, 0, '', '', '', '', '', 8, ''),
(347, 'DRS. SYAEKHUL ISLAM (Kabag)', 0, 0, '', '', '', '', '', 148, ''),
(348, 'Drs. Taufiqurahman', 0, 0, '', '', '', '', '', 34, ''),
(349, 'Drs. Zaenudin', 0, 0, '', '', '', '', '', 4, ''),
(350, 'Drs.Abdul Kadir', 0, 0, '', '', '', '', '', 32, ''),
(351, 'Drs.AHMAD WAJDI', 0, 0, '', '', '', '', '', 123, ''),
(352, 'Drs.Aunur Rofik', 0, 0, '', '', '', '', '', 11, ''),
(353, 'Drs.Bagelebe Karo Karo', 0, 0, '', '', '', '', '', 2, ''),
(354, 'Drs.H. Sirajudin As\'ad,MM', 0, 0, '', '', '', '', '', 29, ''),
(355, 'Drs.H.Alwi', 0, 0, '', '', '', '', '', 32, ''),
(356, 'Drs.H.Rawinggip.M.Pd', 0, 0, '', '', '', '', '', 32, ''),
(357, 'Drs.Iwan Siswo H.', 0, 0, '', '', '', '', '', 33, ''),
(358, 'Drs.LALU SUHAUDI WIJAYA', 0, 0, '', '', '', '', '', 123, ''),
(359, 'DULAIM ', 0, 0, '', '', '', '', '', 151, ''),
(360, 'Dwi Cahyono, SH', 0, 0, '', '', '', '', '', 9, ''),
(361, 'Dwi Eriyanti', 0, 0, '', '', '', '', '', 16, ''),
(362, 'Dwi suhartini', 0, 0, '', '', '', '', '', 16, ''),
(363, 'Edi Catur Supriadi, ST', 0, 0, '', '', '', '', '', 21, ''),
(364, 'Edi Hartawan', 0, 0, '', '', '', '', '', 137, ''),
(365, 'EDI KURNIAWAN', 0, 0, '', '', '', '', '', 47, ''),
(366, 'Edwin Zamroni, S.STP', 0, 0, '', '', '', '', '', 129, ''),
(367, 'Edy Riswanadi', 0, 0, '', '', '', '', '', 5, ''),
(368, 'Edy Suharto,S.Sos', 0, 0, '', '', '', '', '', 2, ''),
(369, 'Eka Pidyan Hamnur', 0, 0, '', '', '', '', '', 12, ''),
(370, 'Eka Sapta R', 0, 0, '', '', '', '', '', 26, ''),
(371, 'Eka Setiawan Trisno', 0, 0, '', '', '', '', '', 21, ''),
(372, 'Eka Wardana, SE.Msi.', 0, 0, '', '', '', '', '', 37, ''),
(373, 'Eko Hari Wibowo', 0, 0, '', '', '', '', '', 33, ''),
(374, 'Eko Setio Purnomo, S. Pi', 0, 0, '', '', '', '', '', 36, ''),
(375, 'Ely Ayuning Utami olindes Rembiga)', 0, 0, '', '', '', '', '', 17, ''),
(376, 'Emi Farida, S.Sos', 0, 0, '', '', '', '', '', 9, ''),
(377, 'Emir A. Rumair, S. Pi', 0, 0, '', '', '', '', '', 36, ''),
(378, 'Endang Tri Wahyuni Nurmala Sari,SE', 0, 0, '', '', '', '', '', 24, ''),
(379, 'ENDAR SUNANDAR, SE', 0, 0, '', '', '', '', '', 141, ''),
(380, 'Eni Kusmawati', 0, 0, '', '', '', '', '', 24, ''),
(381, 'Erfan', 0, 0, '', '', '', '', '', 134, ''),
(382, 'Erika Widiastuti', 0, 0, '', '', '', '', '', 17, ''),
(383, 'Ery Haryawan, SH', 0, 0, '', '', '', '', '', 55, ''),
(384, 'Eva Juwardi', 0, 0, '', '', '', '', '', 4, ''),
(385, 'Evi Andriani, SP', 0, 0, '', '', '', '', '', 31, ''),
(386, 'Fadli', 0, 0, '', '', '', '', '', 26, ''),
(387, 'Fadli, SE', 0, 0, '', '', '', '', '', 7, ''),
(388, 'Faesal Abdussamad, ST', 0, 0, '', '', '', '', '', 41, ''),
(389, 'Fafir Rahmah,Ssi,S,apt', 0, 0, '', '', '', '', '', 140, ''),
(390, 'Faisal Riza, S.Sos', 0, 0, '', '', '', '', '', 33, ''),
(391, 'Faizi Walmakbuli', 0, 0, '', '', '', '', '', 65, ''),
(392, 'Fajrul Amani', 0, 0, '', '', '', '', '', 133, ''),
(393, 'Fandi Alfansyuri', 0, 0, '', '', '', '', '', 131, ''),
(394, 'FARHAN', 0, 0, '', '', '', '', '', 125, ''),
(395, 'Farida', 0, 0, '', '', '', '', '', 15, ''),
(396, 'Fasahuddin', 0, 0, '', '', '', '', '', 35, ''),
(397, 'Fathoni Asfriandi, SSTP', 0, 0, '', '', '', '', '', 55, ''),
(398, 'Fathurrahman', 0, 0, '', '', '', '', '', 38, ''),
(399, 'FATWA GRAHA ADIYANDA, SH', 0, 0, '', '', '', '', '', 141, ''),
(400, 'FAUZAN', 0, 0, '', '', '', '', '', 125, ''),
(401, 'Fauzi Anwar H', 0, 0, '', '', '', '', '', 26, ''),
(402, 'Fe.Achmad Muslehaddin, SH', 0, 0, '', '', '', '', '', 77, ''),
(403, 'Firman karyadi', 0, 0, '', '', '', '', '', 26, ''),
(404, 'Firman Qadri', 0, 0, '', '', '', '', '', 50, ''),
(405, 'FIRMAN SABIL. S.AdM', 0, 0, '', '', '', '', '', 42, ''),
(406, 'Fitria Antasari,SKH', 0, 0, '', '', '', '', '', 38, ''),
(407, 'Fri Dwi Mandalika', 0, 0, '', '', '', '', '', 129, ''),
(408, 'G A Sri Mahakamiati, SH., MM', 0, 0, '', '', '', '', '', 7, ''),
(409, 'G GUNARTHA ', 0, 0, '', '', '', '', '', 151, ''),
(410, 'G.A.Ryan Mayasari', 0, 0, '', '', '', '', '', 19, ''),
(411, 'Gadis Setiawati, SE (Penyimpan Barang)', 0, 0, '', '', '', '', '', 43, ''),
(412, 'Ganjar', 0, 0, '', '', '', '', '', 39, ''),
(413, 'Gde Sumana', 0, 0, '', '', '', '', '', 74, ''),
(414, 'Gede Mudhita', 0, 0, '', '', '', '', '', 75, ''),
(415, 'Gede Rai Astawa, SP', 0, 0, '', '', '', '', '', 33, ''),
(416, 'Gede Suardhita', 0, 0, '', '', '', '', '', 75, ''),
(417, 'GERITGBRIAN', 0, 0, '', '', '', '', '', 146, ''),
(418, 'Gst Bgs Ryan W', 0, 0, '', '', '', '', '', 60, ''),
(419, 'GUNAWAN', 0, 0, '', '', '', '', '', 146, ''),
(420, 'Gusin.S.Pd', 0, 0, '', '', '', '', '', 32, ''),
(421, 'Gusti Ayu Partami', 0, 0, '', '', '', '', '', 22, ''),
(422, 'H ABDURAHIM SUPIR', 0, 0, '', '', '', '', '', 151, ''),
(423, 'H e r m a n,S.Adm', 0, 0, '', '', '', '', '', 34, ''),
(424, 'H Maas', 0, 0, '', '', '', '', '', 26, ''),
(425, 'H. ABDUL WAHAB, SH', 0, 0, '', '', '', '', '', 53, ''),
(426, 'H. Abdurrahim Anwar', 0, 0, '', '', '', '', '', 58, ''),
(427, 'H. Ahmad Basri, SH (Pengawas Pemerintah Madya)', 0, 0, '', '', '', '', '', 43, ''),
(428, 'H. Ahmad Suryadinata', 0, 0, '', '', '', '', '', 70, ''),
(429, 'H. Ahmad Tanuwir', 0, 0, '', '', '', '', '', 70, ''),
(430, 'H. AMANAH, SH.', 0, 0, '', '', '', '', '', 45, ''),
(431, 'H. Asrorrudin', 0, 0, '', '', '', '', '', 56, ''),
(432, 'H. Bachtiar Yulianto, ST.MT', 0, 0, '', '', '', '', '', 31, ''),
(433, 'H. bambang Sugeng', 0, 0, '', '', '', '', '', 69, ''),
(434, 'H. Burhanudin', 0, 0, '', '', '', '', '', 73, ''),
(435, 'H. DIDI SUMARDI. SH', 0, 0, '', '', '', '', '', 42, ''),
(436, 'H. Gozali Hasibuan', 0, 0, '', '', '', '', '', 20, ''),
(437, 'H. Hanafi, S.Sos', 0, 0, '', '', '', '', '', 30, ''),
(438, 'H. Hasanudin, ST,MM', 0, 0, '', '', '', '', '', 26, ''),
(439, 'H. IRWAN HARIMANSYAH, ST. Msi', 0, 0, '', '', '', '', '', 28, ''),
(440, 'H. Ismail/Telaga Mas', 0, 0, '', '', '', '', '', 49, ''),
(441, 'H. Jefri Bachtiar, ST', 0, 0, '', '', '', '', '', 39, ''),
(442, 'H. JUNAIDI', 0, 0, '', '', '', '', '', 148, ''),
(443, 'H. L Ichsan', 0, 0, '', '', '', '', '', 76, ''),
(444, 'H. L. Hapiludin, S.Pt', 0, 0, '', '', '', '', '', 38, ''),
(445, 'H. L. Nurkholis, SE', 0, 0, '', '', '', '', '', 3, ''),
(446, 'H. LALU ICHSAN, SH', 0, 0, '', '', '', '', '', 141, ''),
(447, 'H. Lalu Muhammad Amin,S.Sos', 0, 0, '', '', '', '', '', 140, ''),
(448, 'H. Lalu Wirajaya, ST, Msi', 0, 0, '', '', '', '', '', 35, ''),
(449, 'H. Lingsari', 0, 0, '', '', '', '', '', 58, ''),
(450, 'H. Lisdiyanto Tri T.', 0, 0, '', '', '', '', '', 135, ''),
(451, 'H. M YAMIN, ST', 0, 0, '', '', '', '', '', 28, ''),
(452, 'H. M. Fauzi Makmun, S.Sos', 0, 0, '', '', '', '', '', 5, ''),
(453, 'H. M. GAZALI, SIP', 0, 0, '', '', '', '', '', 141, ''),
(454, 'H. M. Najamudin', 0, 0, '', '', '', '', '', 57, ''),
(455, 'H. Mahardi, S.Sos', 0, 0, '', '', '', '', '', 3, ''),
(456, 'H. MAHSIN, SH (Kabag)', 0, 0, '', '', '', '', '', 145, ''),
(457, 'H. Mahyudin', 0, 0, '', '', '', '', '', 57, ''),
(458, 'H. Maskan/Pondok Prasi', 0, 0, '', '', '', '', '', 49, ''),
(459, 'H. Moh. Syakirin Hukmi, SE., MM', 0, 0, '', '', '', '', '', 3, ''),
(460, 'H. Muhammad Ikbal Muhidin', 0, 0, '', '', '', '', '', 71, ''),
(461, 'H. Muhammad Saleh, SH.', 0, 0, '', '', '', '', '', 67, ''),
(462, 'H. MUHTAR.SH', 0, 0, '', '', '', '', '', 42, ''),
(463, 'H. Munasim', 0, 0, '', '', '', '', '', 131, ''),
(464, 'H. Munawir, S. Ag', 0, 0, '', '', '', '', '', 63, ''),
(465, 'H. Mustafa Kamal, SH', 0, 0, '', '', '', '', '', 7, ''),
(466, 'H. Muzahar, SH', 0, 0, '', '', '', '', '', 26, ''),
(467, 'H. Muzakkir,SH', 0, 0, '', '', '', '', '', 29, ''),
(468, 'H. N a s r u d d I n', 0, 0, '', '', '', '', '', 34, ''),
(469, 'H. Nazarudin, S.Pd', 0, 0, '', '', '', '', '', 32, ''),
(470, 'H. Novian Rosmana, S.SOS', 0, 0, '', '', '', '', '', 31, ''),
(471, 'H. Nuryadi, S.Pd.', 0, 0, '', '', '', '', '', 70, ''),
(472, 'H. RIDWAN', 0, 0, '', '', '', '', '', 42, ''),
(473, 'H. Risman', 0, 0, '', '', '', '', '', 75, ''),
(474, 'H. Rony Aprianto S Adm', 0, 0, '', '', '', '', '', 31, ''),
(475, 'H. Safrudin S.Sos', 0, 0, '', '', '', '', '', 26, ''),
(476, 'H. Sahdan', 0, 0, '', '', '', '', '', 17, ''),
(477, 'H. Sahdi (Pustu Sayang-Sayang)', 0, 0, '', '', '', '', '', 17, ''),
(478, 'H. Sahman', 0, 0, '', '', '', '', '', 19, ''),
(479, 'H. Said,SH', 0, 0, '', '', '', '', '', 29, ''),
(480, 'H. Saiful Mukmin, S.Sos, MH (Pensiun)', 0, 0, '', '', '', '', '', 41, ''),
(481, 'H. SAPTONO S. SE', 0, 0, '', '', '', '', '', 56, ''),
(482, 'H. Sudenom, S.Pd., MM', 0, 0, '', '', '', '', '', 32, ''),
(483, 'H. SULAIMAN', 0, 0, '', '', '', '', '', 51, ''),
(484, 'H. Suparman, SH (Sekretaris)', 0, 0, '', '', '', '', '', 43, ''),
(485, 'H. Tahmid', 0, 0, '', '', '', '', '', 69, ''),
(486, 'H. Tajudin', 0, 0, '', '', '', '', '', 13, ''),
(487, 'H. TAMAMUDDIN', 0, 0, '', '', '', '', '', 51, ''),
(488, 'H. Tanwir', 0, 0, '', '', '', '', '', 32, ''),
(489, 'H. Yance Hendra Dirra, SE.MM.', 0, 0, '', '', '', '', '', 37, ''),
(490, 'H. Zaeluddin, SH', 0, 0, '', '', '', '', '', 35, ''),
(491, 'H. Zenudin', 0, 0, '', '', '', '', '', 76, ''),
(492, 'H.Adi Suryantoro,SH', 0, 0, '', '', '', '', '', 2, ''),
(493, 'H.Budiharto, SH', 0, 0, '', '', '', '', '', 31, ''),
(494, 'H.FATHURRAHMAN.SH', 0, 0, '', '', '', '', '', 126, ''),
(495, 'H.Karma Aris Amali, BE', 0, 0, '', '', '', '', '', 39, ''),
(496, 'H.M KASIM HUMAENI', 0, 0, '', '', '', '', '', 42, ''),
(497, 'H.Mahzur S.IP S.Kep.', 0, 0, '', '', '', '', '', 33, ''),
(498, 'H.Muh.Busyairi, S.Sos', 0, 0, '', '', '', '', '', 39, ''),
(499, 'H.Rudi Suryawan,SH', 0, 0, '', '', '', '', '', 2, ''),
(500, 'H.RUPAAT', 0, 0, '', '', '', '', '', 47, ''),
(501, 'H.Ruslan', 0, 0, '', '', '', '', '', 26, ''),
(502, 'H.TAUFIQURRQHMQN.S.Sos', 0, 0, '', '', '', '', '', 125, ''),
(503, 'H.Turmuzi S. Sos', 0, 0, '', '', '', '', '', 33, ''),
(504, 'Habib/ SATGAS', 0, 0, '', '', '', '', '', 39, ''),
(505, 'Hadijah, SST', 0, 0, '', '', '', '', '', 12, ''),
(506, 'HAERI PRAMUJI', 0, 0, '', '', '', '', '', 141, ''),
(507, 'HAERUL ', 0, 0, '', '', '', '', '', 151, ''),
(508, 'HAIDIRRUSLI', 0, 0, '', '', '', '', '', 123, ''),
(509, 'Hairul Hadi, S. Pi', 0, 0, '', '', '', '', '', 36, ''),
(510, 'HAIRUL ILHAM', 0, 0, '', '', '', '', '', 126, ''),
(511, 'HAJI MUSTA,AL', 0, 0, '', '', '', '', '', 126, ''),
(512, 'HALAWI', 0, 0, '', '', '', '', '', 53, ''),
(513, ' Halid Imron ', 0, 0, '', '', '', '', '', 70, ''),
(514, 'HALIDI', 0, 0, '', '', '', '', '', 142, ''),
(515, 'HALIDI ', 0, 0, '', '', '', '', '', 151, ''),
(516, 'Hambali, S. Sos', 0, 0, '', '', '', '', '', 132, ''),
(517, 'HAMIDI ABDULLAH', 0, 0, '', '', '', '', '', 59, ''),
(518, 'Hamzanwadi', 0, 0, '', '', '', '', '', 137, ''),
(519, 'HAMZIN BAIHAQI', 0, 0, '', '', '', '', '', 51, ''),
(520, 'Hananto', 0, 0, '', '', '', '', '', 39, ''),
(521, 'Hanapi', 0, 0, '', '', '', '', '', 134, ''),
(522, 'Hani Amalina Bulqis', 0, 0, '', '', '', '', '', 61, ''),
(523, 'Hanief', 0, 0, '', '', '', '', '', 20, ''),
(524, 'Hanung Ratna Saptiti', 0, 0, '', '', '', '', '', 12, ''),
(525, 'Hapipi', 0, 0, '', '', '', '', '', 23, ''),
(526, 'Hapizudin,SH', 0, 0, '', '', '', '', '', 49, ''),
(527, 'Hardian Eka Putra Jaya, SH', 0, 0, '', '', '', '', '', 135, ''),
(528, 'Hari Sukmana', 0, 0, '', '', '', '', '', 31, ''),
(529, 'Hariadi', 0, 0, '', '', '', '', '', 38, ''),
(530, ' Hariadi, SIP. ', 0, 0, '', '', '', '', '', 66, ''),
(531, 'Hariantoni', 0, 0, '', '', '', '', '', 8, ''),
(532, 'Harjono', 0, 0, '', '', '', '', '', 26, ''),
(533, 'HARTAWAN', 0, 0, '', '', '', '', '', 124, ''),
(534, 'HARTONI', 0, 0, '', '', '', '', '', 28, ''),
(535, 'HARUN', 0, 0, '', '', '', '', '', 62, ''),
(536, 'Hasan Basri', 0, 0, '', '', '', '', '', 70, ''),
(537, 'Hasan, BA', 0, 0, '', '', '', '', '', 75, ''),
(538, 'Hasanuddin, S.Sos', 0, 0, '', '', '', '', '', 77, ''),
(539, 'HASANUDIN', 0, 0, '', '', '', '', '', 151, ''),
(540, 'HASIIN ', 0, 0, '', '', '', '', '', 62, ''),
(541, 'Hauriah', 0, 0, '', '', '', '', '', 39, ''),
(542, 'Helda Priyatni, S.Sos', 0, 0, '', '', '', '', '', 37, ''),
(543, 'Heldy Sardianto, ST', 0, 0, '', '', '', '', '', 34, ''),
(544, 'Helmi Hidayat', 0, 0, '', '', '', '', '', 26, ''),
(545, ' Hendra Suhadi ', 0, 0, '', '', '', '', '', 66, ''),
(546, 'Heri Fajariatno, SAP.MAP.\n\n', 0, 0, '', '', '', '', '', 6, ''),
(547, 'Heri Irawan, S. Kom', 0, 0, '', '', '', '', '', 25, ''),
(548, 'Heri Kurniawan', 0, 0, '', '', '', '', '', 3, ''),
(549, 'HERI PURWADI', 0, 0, '', '', '', '', '', 151, ''),
(550, 'HERIAWAN', 0, 0, '', '', '', '', '', 124, ''),
(551, 'Herlina', 0, 0, '', '', '', '', '', 12, ''),
(552, 'HERMAN', 0, 0, '', '', '', '', '', 125, ''),
(553, 'Herman Afandi', 0, 0, '', '', '', '', '', 26, ''),
(554, 'Herman, SP', 0, 0, '', '', '', '', '', 38, ''),
(555, 'HERU', 0, 0, '', '', '', '', '', 146, ''),
(556, 'Heru Kuswara', 0, 0, '', '', '', '', '', 133, ''),
(557, 'Heru Maini', 0, 0, '', '', '', '', '', 39, ''),
(558, 'Hidayatul Ahadi, S.Sos', 0, 0, '', '', '', '', '', 35, ''),
(559, 'Hidayatulloh, S.Adm', 0, 0, '', '', '', '', '', 1, ''),
(560, 'Hidayaturrahman, ST', 0, 0, '', '', '', '', '', 31, ''),
(561, 'HIJRI', 0, 0, '', '', '', '', '', 56, ''),
(562, 'Hilwana Rizqillah, SIP', 0, 0, '', '', '', '', '', 41, ''),
(563, 'Hipzul Khaer', 0, 0, '', '', '', '', '', 19, ''),
(564, 'HJ TINA', 0, 0, '', '', '', '', '', 151, ''),
(565, 'Hj. B. saparina, SE', 0, 0, '', '', '', '', '', 1, ''),
(566, 'Hj. Baiq Dwi Hastuti, SH', 0, 0, '', '', '', '', '', 33, ''),
(567, 'Hj. Baiq Majida, S.Sos, MM', 0, 0, '', '', '', '', '', 55, ''),
(568, 'Hj. Baiq Sujihartini, SE.MM', 0, 0, '', '', '', '', '', 36, ''),
(569, 'HJ. DARBAHYANTI', 0, 0, '', '', '', '', '', 44, ''),
(570, 'Hj. Darini', 0, 0, '', '', '', '', '', 7, ''),
(571, 'Hj. Dewi Mardiana Ariany, MM', 0, 0, '', '', '', '', '', 30, ''),
(572, 'Hj. Ellya Laelatur Qadar, SH', 0, 0, '', '', '', '', '', 27, ''),
(573, 'Hj. Febriyanti Sintha Dewi, ST. MT.\n\n', 0, 0, '', '', '', '', '', 6, ''),
(574, ' Hj. Galuh Harida, SP ', 0, 0, '', '', '', '', '', 38, ''),
(575, ' Hj. Hazazul Hasanah, SP ', 0, 0, '', '', '', '', '', 38, ''),
(576, 'Hj. Huriati', 0, 0, '', '', '', '', '', 36, ''),
(577, 'Hj. Indah Rosmaniar, BA', 0, 0, '', '', '', '', '', 8, ''),
(578, 'Hj. Irni, S.Pd', 0, 0, '', '', '', '', '', 32, ''),
(579, 'Hj. Kalsum, s.Sos', 0, 0, '', '', '', '', '', 24, ''),
(580, 'Hj. Lita Mirawati', 0, 0, '', '', '', '', '', 19, ''),
(581, 'Hj. Muliantini, S. Sos.', 0, 0, '', '', '', '', '', 27, ''),
(582, 'Hj. Nursehan, S.Pd', 0, 0, '', '', '', '', '', 32, ''),
(583, 'Hj. Nurul Barlian, S.Sos', 0, 0, '', '', '', '', '', 37, ''),
(584, 'Hj. Sabariah, S.Sos', 0, 0, '', '', '', '', '', 32, ''),
(585, 'Hj. Siti Junari, S.IP', 0, 0, '', '', '', '', '', 9, ''),
(586, 'Hj. Siti Rusminah, SH', 0, 0, '', '', '', '', '', 9, ''),
(587, 'HJ. Sri Winarni ', 0, 0, '', '', '', '', '', 32, ''),
(588, 'Hj. Sri Yuliastuti M.,SH', 0, 0, '', '', '', '', '', 5, ''),
(589, 'Hj. Syarifa Rafiah, S.Sos', 0, 0, '', '', '', '', '', 28, ''),
(590, 'Hj. Titik Puspawati, S.Sos.\n\n\n', 0, 0, '', '', '', '', '', 6, ''),
(591, 'Hj. Yuniati, S.Sos', 0, 0, '', '', '', '', '', 37, ''),
(592, 'Hj.Bq.Sumiati.S.Pd', 0, 0, '', '', '', '', '', 32, ''),
(593, 'Hj.Ekawati M,ST.MT', 0, 0, '', '', '', '', '', 34, ''),
(594, 'Hj.Ken Stiorini SE', 0, 0, '', '', '', '', '', 33, ''),
(595, 'Hj.Mimi Mariani.S.Pd', 0, 0, '', '', '', '', '', 32, ''),
(596, 'Hj.Mira\'at.S.Pd', 0, 0, '', '', '', '', '', 32, ''),
(597, 'Hj.Sahirwati.S.Pd/Pws', 0, 0, '', '', '', '', '', 32, ''),
(598, 'Hj.Susanah S IP', 0, 0, '', '', '', '', '', 33, ''),
(599, 'HJ.Yeni Sukmawati', 0, 0, '', '', '', '', '', 2, ''),
(600, 'Honorius Mawar Doni, SH', 0, 0, '', '', '', '', '', 63, ''),
(601, 'HUBAIDI', 0, 0, '', '', '', '', '', 147, ''),
(602, 'Humaidi', 0, 0, '', '', '', '', '', 33, ''),
(603, 'HURRISUTIADI', 0, 0, '', '', '', '', '', 65, ''),
(604, 'Husaini, S. AP', 0, 0, '', '', '', '', '', 131, ''),
(605, 'Husin M Yasin', 0, 0, '', '', '', '', '', 58, ''),
(606, 'Husliana', 0, 0, '', '', '', '', '', 65, ''),
(607, 'Husni', 0, 0, '', '', '', '', '', 26, ''),
(608, 'Husniati, S.Pd', 0, 0, '', '', '', '', '', 32, ''),
(609, 'Husniman', 0, 0, '', '', '', '', '', 22, ''),
(610, 'HUSNUL CHULUQ', 0, 0, '', '', '', '', '', 142, ''),
(611, 'I Dewa Ade Aryawan, S.Pt.', 0, 0, '', '', '', '', '', 38, ''),
(612, ' I Dewa Ayu Muter, SP ', 0, 0, '', '', '', '', '', 38, ''),
(613, 'I Dewa M. Muditha', 0, 0, '', '', '', '', '', 12, ''),
(614, 'I Dewa M. Muditha Kendaraan Operasional Bidang Kesehatan Masyarakat', 0, 0, '', '', '', '', '', 12, ''),
(615, 'I DEWA MADE DWIYADNYA, SE', 0, 0, '', '', '', '', '', 59, ''),
(616, 'I DEWA MADE SUDEWA', 0, 0, '', '', '', '', '', 59, ''),
(617, 'I Dewa Ny. Sayang (Bhineka)', 0, 0, '', '', '', '', '', 89, ''),
(618, 'I Gde Setyana', 0, 0, '', '', '', '', '', 61, ''),
(619, 'I Gde Subratha', 0, 0, '', '', '', '', '', 60, ''),
(620, 'I Gde Sudiana, SE', 0, 0, '', '', '', '', '', 57, ''),
(621, 'I Gde Sutha Sumantri, SH.', 0, 0, '', '', '', '', '', 68, ''),
(622, 'I Gde Sweca, S.Sos', 0, 0, '', '', '', '', '', 60, ''),
(623, 'I Gde Wahyu', 0, 0, '', '', '', '', '', 26, ''),
(624, 'I Gede Budiharta', 0, 0, '', '', '', '', '', 12, ''),
(625, 'I Gede Distha', 0, 0, '', '', '', '', '', 73, ''),
(626, 'I Gede Yase', 0, 0, '', '', '', '', '', 12, ''),
(627, 'I Gst Made Jelantik', 0, 0, '', '', '', '', '', 58, ''),
(628, 'I GUSTI AGUNG NGURAH.SH', 0, 0, '', '', '', '', '', 123, ''),
(629, 'I Gusti Ayu Manik W.', 0, 0, '', '', '', '', '', 5, ''),
(630, 'I Gusti Bagus Bagiayasa', 0, 0, '', '', '', '', '', 12, ''),
(631, 'I Gusti Bagus Mayana', 0, 0, '', '', '', '', '', 63, ''),
(632, 'I Gusti Lanang Danur Widia', 0, 0, '', '', '', '', '', 57, ''),
(633, 'I Gusti Lanang Sugiartha', 0, 0, '', '', '', '', '', 61, ''),
(634, 'I GUSTI MD WINDYA', 0, 0, '', '', '', '', '', 59, ''),
(635, 'I K H  S  A  N, S.Sos', 0, 0, '', '', '', '', '', 34, ''),
(636, 'I Ketut Adyana Yasa, S. Sos', 0, 0, '', '', '', '', '', 8, ''),
(637, 'I Ketut Dana', 0, 0, '', '', '', '', '', 57, ''),
(638, 'I Ketut Dawi Adnyana', 0, 0, '', '', '', '', '', 131, ''),
(639, 'I KETUT DRESTA', 0, 0, '', '', '', '', '', 28, ''),
(640, 'I Ketut Lanus', 0, 0, '', '', '', '', '', 134, ''),
(641, 'I KETUT PARIYANA', 0, 0, '', '', '', '', '', 141, ''),
(642, 'I Ketut Sudarma, S.Kom', 0, 0, '', '', '', '', '', 7, ''),
(643, 'I Ketut Suhendra', 0, 0, '', '', '', '', '', 61, ''),
(644, 'I KETUT SURYA BAWANA', 0, 0, '', '', '', '', '', 147, ''),
(645, 'I Ketut Trisna Jaya (ABT Brt)', 0, 0, '', '', '', '', '', 79, ''),
(646, 'I KETUT WIRYA', 0, 0, '', '', '', '', '', 62, ''),
(647, 'I Ketut Wisnu Bujangga', 0, 0, '', '', '', '', '', 35, ''),
(648, 'I Komang Arjaya', 0, 0, '', '', '', '', '', 21, ''),
(649, 'I KOMANG DIARTA', 0, 0, '', '', '', '', '', 141, ''),
(650, 'I Komang Dipewiyadi', 0, 0, '', '', '', '', '', 71, ''),
(651, 'I Komang Oka Tri Cahyadi, SSTP', 0, 0, '', '', '', '', '', 8, ''),
(652, 'I komang priyata', 0, 0, '', '', '', '', '', 26, ''),
(653, 'I KOMANG SATE, SH', 0, 0, '', '', '', '', '', 62, ''),
(654, 'I Komang Suwece', 0, 0, '', '', '', '', '', 69, ''),
(655, 'I Komang Tirtha', 0, 0, '', '', '', '', '', 64, ''),
(656, 'I Komang Wiartha, SP', 0, 0, '', '', '', '', '', 38, ''),
(657, 'I Made Agus Suarjaya, SH', 0, 0, '', '', '', '', '', 61, ''),
(658, 'I MADE AGUS W', 0, 0, '', '', '', '', '', 147, ''),
(659, 'I Made Langkir', 0, 0, '', '', '', '', '', 38, ''),
(660, 'I Made Mawan,ST ', 0, 0, '', '', '', '', '', 35, ''),
(661, 'I Made Purwa Adyana ', 0, 0, '', '', '', '', '', 63, ''),
(662, 'I MADE PUTU SUDARSANA, S.IP (Kabag)', 0, 0, '', '', '', '', '', 150, ''),
(663, 'I MADE SAYU PUJIATI. SE', 0, 0, '', '', '', '', '', 42, ''),
(664, 'I Made Suartha, SH', 0, 0, '', '', '', '', '', 63, ''),
(665, 'I Made Sumantra', 0, 0, '', '', '', '', '', 56, ''),
(666, ' I Made Suradita, SP ', 0, 0, '', '', '', '', '', 38, ''),
(667, 'I Made Suta', 0, 0, '', '', '', '', '', 60, ''),
(668, 'I MD AGUS DWIPAYANA.JW ,SSTP,MH', 0, 0, '', '', '', '', '', 59, ''),
(669, 'I MD SUARTHA', 0, 0, '', '', '', '', '', 59, ''),
(670, 'I Nengah Budi Utama', 0, 0, '', '', '', '', '', 61, ''),
(671, 'I Nengah Budiarsa', 0, 0, '', '', '', '', '', 135, ''),
(672, 'I Nengah Merta ', 0, 0, '', '', '', '', '', 64, ''),
(673, 'I Nengah Merta jaya', 0, 0, '', '', '', '', '', 64, ''),
(674, 'I NENGAH NEGARE', 0, 0, '', '', '', '', '', 124, ''),
(675, 'I Nengah Noartha', 0, 0, '', '', '', '', '', 73, ''),
(676, 'I Nengah Putra', 0, 0, '', '', '', '', '', 73, ''),
(677, 'I NENGAH SIMPEN', 0, 0, '', '', '', '', '', 59, ''),
(678, 'I Nengah Sugiartha', 0, 0, '', '', '', '', '', 58, ''),
(679, 'I Nengah Suwar Dana', 0, 0, '', '', '', '', '', 135, ''),
(680, 'I Nengah Wiarnanta, SE, MT', 0, 0, '', '', '', '', '', 3, ''),
(681, 'I Nyoman Adnyana Susila, SH', 0, 0, '', '', '', '', '', 135, ''),
(682, 'I NYOMAN ARTHA KUSUMA.S.SOS', 0, 0, '', '', '', '', '', 42, ''),
(683, 'I NYOMAN BINADI', 0, 0, '', '', '', '', '', 149, ''),
(684, 'I Nyoman Gde Dirgantara', 0, 0, '', '', '', '', '', 64, ''),
(685, 'I Nyoman Gde Winantra', 0, 0, '', '', '', '', '', 64, ''),
(686, 'I NYOMAN GEDE YASA', 0, 0, '', '', '', '', '', 59, ''),
(687, 'I Nyoman Gunawan  S.Sos', 0, 0, '', '', '', '', '', 33, ''),
(688, 'I Nyoman Mandiarta', 0, 0, '', '', '', '', '', 67, ''),
(689, 'I Nyoman Mangku, SE', 0, 0, '', '', '', '', '', 133, ''),
(690, 'I Nyoman Pande Yasa', 0, 0, '', '', '', '', '', 64, ''),
(691, ' I Nyoman Sedana, S.Pt ', 0, 0, '', '', '', '', '', 38, ''),
(692, 'I Nyoman Sidia,SH', 0, 0, '', '', '', '', '', 35, ''),
(693, 'I NYOMAN SUDIANA', 0, 0, '', '', '', '', '', 45, ''),
(694, 'I Nyoman Suwartana', 0, 0, '', '', '', '', '', 135, ''),
(695, 'I Nyoman Swarsana', 0, 0, '', '', '', '', '', 21, ''),
(696, 'I PUTU SARJANA. SH', 0, 0, '', '', '', '', '', 42, ''),
(697, 'I Putu Suarsana', 0, 0, '', '', '', '', '', 57, ''),
(698, ' I Wayan Agus S. ', 0, 0, '', '', '', '', '', 38, ''),
(699, 'I WAYAN BAGIANTHA', 0, 0, '', '', '', '', '', 59, ''),
(700, 'I Wayan Bratayasa', 0, 0, '', '', '', '', '', 57, ''),
(701, 'I Wayan Ganata', 0, 0, '', '', '', '', '', 137, ''),
(702, 'I Wayan Gde Candra', 0, 0, '', '', '', '', '', 61, ''),
(703, 'I Wayan Karta', 0, 0, '', '', '', '', '', 38, ''),
(704, 'I Wayan Kota', 0, 0, '', '', '', '', '', 68, ''),
(705, 'I Wayan Mujibur Cakranegara', 0, 0, '', '', '', '', '', 63, ''),
(706, 'I Wayan Suarditha, S. STP', 0, 0, '', '', '', '', '', 64, ''),
(707, 'I Wayan Suarnawa', 0, 0, '', '', '', '', '', 15, ''),
(708, 'I WAYAN SUGIARTHA', 0, 0, '', '', '', '', '', 42, ''),
(709, 'I Wayan Sumiartha', 0, 0, '', '', '', '', '', 21, ''),
(710, ' I Wayan Tega Wijaya, S.STP. ', 0, 0, '', '', '', '', '', 66, ''),
(711, 'I Wayan Widiarta', 0, 0, '', '', '', '', '', 12, ''),
(712, 'I. GA. A. Nugrahini', 0, 0, '', '', '', '', '', 61, ''),
(713, 'I.G.A. Yuliani, SE.', 0, 0, '', '', '', '', '', 37, ''),
(714, 'I.Ketut Widiana', 0, 0, '', '', '', '', '', 29, ''),
(715, 'I.Nengah Darma Putra, SH', 0, 0, '', '', '', '', '', 31, ''),
(716, 'I.Nyman Yobiantara P', 0, 0, '', '', '', '', '', 11, ''),
(717, 'IBU SEKDA', 0, 0, '', '', '', '', '', 142, ''),
(718, 'IBU WAKIL ', 0, 0, '', '', '', '', '', 142, ''),
(719, 'IBU WALI KOTA', 0, 0, '', '', '', '', '', 142, ''),
(720, 'IBUWALI KOTA', 0, 0, '', '', '', '', '', 142, ''),
(721, 'Ida Ayu Ketut Aprimadewi, Amd.Kep', 0, 0, '', '', '', '', '', 21, ''),
(722, 'Ida Ayu Swathi Antari', 0, 0, '', '', '', '', '', 21, ''),
(723, 'Ida Ayu Wayan Manik, K. S.STP, MH', 0, 0, '', '', '', '', '', 26, ''),
(724, 'Ida Ayu Wayan Sujiastuti, SE', 0, 0, '', '', '', '', '', 28, ''),
(725, 'IDA BAGUS  ALIT ARDIKA', 0, 0, '', '', '', '', '', 60, ''),
(726, 'Ida Bagus  Suidranget', 0, 0, '', '', '', '', '', 64, ''),
(727, 'Ida Bagus Alit, S.Pd', 0, 0, '', '', '', '', '', 32, ''),
(728, 'IDA BAGUS ASTAWA B.', 0, 0, '', '', '', '', '', 60, ''),
(729, 'Ida Bagus Cahyadi', 0, 0, '', '', '', '', '', 67, ''),
(730, 'IDA BAGUS KADEK ASTAWAN', 0, 0, '', '', '', '', '', 42, ''),
(731, 'Ida Bagus Karang', 0, 0, '', '', '', '', '', 63, ''),
(732, 'Ida Bagus Kekeran', 0, 0, '', '', '', '', '', 57, ''),
(733, ' Ida Bagus Made Ariawan, S.STP. ', 0, 0, '', '', '', '', '', 68, ''),
(734, 'IDA BAGUS MADE DIPEM', 0, 0, '', '', '', '', '', 60, ''),
(735, 'Ida Bagus Nyoman Harta', 0, 0, '', '', '', '', '', 2, ''),
(736, 'Ida Bagus Sidemen', 0, 0, '', '', '', '', '', 19, ''),
(737, 'Ida Bagus Tianyar', 0, 0, '', '', '', '', '', 58, ''),
(738, 'Ida Bagus Wayan Panca', 0, 0, '', '', '', '', '', 61, ''),
(739, 'Ida Bagus Wiryawan, SH', 0, 0, '', '', '', '', '', 32, ''),
(740, 'Ida Fatinah, SH', 0, 0, '', '', '', '', '', 33, ''),
(741, 'Ida Indriyani', 0, 0, '', '', '', '', '', 15, ''),
(742, 'Ida Ketut Gautama', 0, 0, '', '', '', '', '', 56, ''),
(743, 'Ida Made Guwinda', 0, 0, '', '', '', '', '', 35, ''),
(744, 'Ida Made Prayatna', 0, 0, '', '', '', '', '', 69, ''),
(745, 'Ida Nengah Purwa', 0, 0, '', '', '', '', '', 63, ''),
(746, ' Ida Nyoman Keninten ', 0, 0, '', '', '', '', '', 68, ''),
(747, 'Ida Wartini. BA', 0, 0, '', '', '', '', '', 27, ''),
(748, 'Ida Wayan Putra Ekantara, S.STP. MH (Irban I)', 0, 0, '', '', '', '', '', 43, ''),
(749, 'Idham', 0, 0, '', '', '', '', '', 39, ''),
(750, 'IDHAM HALID', 0, 0, '', '', '', '', '', 53, ''),
(751, 'Idrus, S.Adm', 0, 0, '', '', '', '', '', 32, ''),
(752, 'IGBN. Bayu Cahyadi Putra, S.Adm\n\n', 0, 0, '', '', '', '', '', 6, ''),
(753, 'Ignasius Sigit Pramono,S.AP', 0, 0, '', '', '', '', '', 3, ''),
(754, 'Iin Yogawati, SE', 0, 0, '', '', '', '', '', 3, ''),
(755, 'Ika Sukriah, ST (Pengawas Pemerintah Madya)', 0, 0, '', '', '', '', '', 43, ''),
(756, 'Ikawanti, SP', 0, 0, '', '', '', '', '', 24, ''),
(757, ' Ike Sumiati, SP ', 0, 0, '', '', '', '', '', 38, ''),
(758, 'Ikhsan, SP', 0, 0, '', '', '', '', '', 38, ''),
(759, 'IKHWANUL MUSLIM', 0, 0, '', '', '', '', '', 123, ''),
(760, 'Ikmal Sanusi, SP', 0, 0, '', '', '', '', '', 38, ''),
(761, 'Iksarnana Ismini, SE', 0, 0, '', '', '', '', '', 58, ''),
(762, 'Ilham Saopi', 0, 0, '', '', '', '', '', 12, ''),
(763, 'Imam Andhi G', 0, 0, '', '', '', '', '', 32, ''),
(764, 'IMAM FAUZI', 0, 0, '', '', '', '', '', 54, ''),
(765, 'IMRON', 0, 0, '', '', '', '', '', 42, ''),
(766, 'INDAH SANYOTO', 0, 0, '', '', '', '', '', 148, ''),
(767, 'Indar Prayudi,SP', 0, 0, '', '', '', '', '', 38, ''),
(768, 'INDARTO JAYA SAPUTRA', 0, 0, '', '', '', '', '', 149, ''),
(769, 'INDRA AGUS SANDIKA', 0, 0, '', '', '', '', '', 44, ''),
(770, 'Indra Purnama Hirawan', 0, 0, '', '', '', '', '', 60, ''),
(771, 'INSPEKTORAT', 0, 0, '', '', '', '', '', 142, ''),
(772, 'IR H. EFFENDY  EKO S.MM', 0, 0, '', '', '', '', '', 142, ''),
(773, 'Ir. Abdul Hanan', 0, 0, '', '', '', '', '', 24, ''),
(774, 'Ir. Ahmad Suriadi, M. Si', 0, 0, '', '', '', '', '', 36, ''),
(775, 'Ir. Amiruddin, M.Si\n\n', 0, 0, '', '', '', '', '', 6, ''),
(776, 'Ir. Baiq Rihul Janah', 0, 0, '', '', '', '', '', 38, ''),
(777, 'Ir. Baiq Widarni (Kasubbag Umum dan Kepegawaian)', 0, 0, '', '', '', '', '', 43, ''),
(778, 'Ir. Bambang Juni Wartono, M.Si', 0, 0, '', '', '', '', '', 31, ''),
(779, 'Ir. Dedy Supriady, SH', 0, 0, '', '', '', '', '', 4, ''),
(780, 'Ir. Endang Rosid Sudianto, MT', 0, 0, '', '', '', '', '', 36, ''),
(781, 'Ir. H Asy\'ari', 0, 0, '', '', '', '', '', 26, ''),
(782, 'Ir. H IKHSAN', 0, 0, '', '', '', '', '', 28, ''),
(783, 'Ir. H Mahmddin', 0, 0, '', '', '', '', '', 28, ''),
(784, 'Ir. H MAHMUDDIN', 0, 0, '', '', '', '', '', 28, ''),
(785, 'Ir. H. Makbul Ma\'shum, MM (Inspektur)', 0, 0, '', '', '', '', '', 43, ''),
(786, 'Ir. H. Mutawalli, MM', 0, 0, '', '', '', '', '', 38, ''),
(787, 'Ir. H. Suhartono Toemiran, M.Si', 0, 0, '', '', '', '', '', 30, ''),
(788, 'Ir. H. Yuniardi Hirpan', 0, 0, '', '', '', '', '', 36, ''),
(789, 'Ir. Hadi Mulyono', 0, 0, '', '', '', '', '', 39, ''),
(790, 'Ir. Haniah Achsyid', 0, 0, '', '', '', '', '', 24, ''),
(791, 'Ir. Haris A. Rasyid', 0, 0, '', '', '', '', '', 26, ''),
(792, 'Ir. Hj. Ririn Yuniarti LW', 0, 0, '', '', '', '', '', 8, ''),
(793, 'Ir. Hj. Tasnim Sastiani', 0, 0, '', '', '', '', '', 24, ''),
(794, 'Ir. Husnil Imam S', 0, 0, '', '', '', '', '', 41, ''),
(795, 'Ir. Made Mariada', 0, 0, '', '', '', '', '', 36, ''),
(796, 'Ir. Mazraatul Chair', 0, 0, '', '', '', '', '', 33, ''),
(797, 'Ir. MOH.  SURYADI (Kabag)', 0, 0, '', '', '', '', '', 144, ''),
(798, 'Ir. Ni Ketut Nur Metri', 0, 0, '', '', '', '', '', 38, ''),
(799, ' Ir. Nuryani Wijayanti ', 0, 0, '', '', '', '', '', 38, ''),
(800, 'Ir. Rusniadi', 0, 0, '', '', '', '', '', 24, ''),
(801, ' Ir. Saeful Bahri ', 0, 0, '', '', '', '', '', 38, ''),
(802, 'Ir. Sapti Hariana', 0, 0, '', '', '', '', '', 38, ''),
(803, 'Ir. Sudirman, M. Si', 0, 0, '', '', '', '', '', 38, ''),
(804, 'Ir. Suprapto', 0, 0, '', '', '', '', '', 31, ''),
(805, ' Ir. Tatok Sulistiyanto ', 0, 0, '', '', '', '', '', 38, ''),
(806, 'Ir. Taufik', 0, 0, '', '', '', '', '', 68, ''),
(807, ' Ir. Titin Suryati ', 0, 0, '', '', '', '', '', 38, ''),
(808, 'Ir. Umara Sri Rahmawati', 0, 0, '', '', '', '', '', 41, ''),
(809, 'Ir.H. Rivai', 0, 0, '', '', '', '', '', 39, ''),
(810, 'Ir.Hariati', 0, 0, '', '', '', '', '', 26, ''),
(811, 'Ira Hayu Puspitasari, S.IP', 0, 0, '', '', '', '', '', 33, ''),
(812, 'Irawan', 0, 0, '', '', '', '', '', 131, ''),
(813, 'Irma Ardhini, SE', 0, 0, '', '', '', '', '', 1, ''),
(814, 'Irman Jayadi', 0, 0, '', '', '', '', '', 39, ''),
(815, 'Irwan Rahadi, S.STP', 0, 0, '', '', '', '', '', 26, ''),
(816, 'Irwanudin', 0, 0, '', '', '', '', '', 26, ''),
(817, 'Isaskar Diri', 0, 0, '', '', '', '', '', 134, ''),
(818, 'ISKANDAR', 0, 0, '', '', '', '', '', 151, ''),
(819, 'Islahudin', 0, 0, '', '', '', '', '', 131, ''),
(820, 'Ismail', 0, 0, '', '', '', '', '', 1, ''),
(821, 'Ismail (Babakan Permai)', 0, 0, '', '', '', '', '', 82, ''),
(822, 'Ismail Marzuki (Tembelok)', 0, 0, '', '', '', '', '', 120, ''),
(823, 'Ismanto', 0, 0, '', '', '', '', '', 55, ''),
(824, 'IWAN', 0, 0, '', '', '', '', '', 125, ''),
(825, 'Iwan M Rahman, S.Adm', 0, 0, '', '', '', '', '', 32, ''),
(826, 'Iwayan Swira', 0, 0, '', '', '', '', '', 57, '');
INSERT INTO `pemegang` (`id_pemegang`, `nama_pemegang`, `nip_pemegang`, `golongan_id`, `jenis_kelamin`, `email`, `jabatan`, `alamat`, `no_telp`, `instansi_id`, `namafile`) VALUES
(827, 'Iwin Supandi', 0, 0, '', '', '', '', '', 39, ''),
(828, 'Izudin Taubi (Bertais Daye)', 0, 0, '', '', '', '', '', 87, ''),
(829, 'J e n a b', 0, 0, '', '', '', '', '', 33, ''),
(830, 'JAELANI', 0, 0, '', '', '', '', '', 28, ''),
(831, 'Jahriadi (Sopir Operasional)', 0, 0, '', '', '', '', '', 38, ''),
(832, 'JALALUDIN ', 0, 0, '', '', '', '', '', 151, ''),
(833, 'JAMAIDIN', 0, 0, '', '', '', '', '', 128, ''),
(834, 'Jamiah', 0, 0, '', '', '', '', '', 38, ''),
(835, 'Jannatul Ma\'wa', 0, 0, '', '', '', '', '', 15, ''),
(836, 'Januar', 0, 0, '', '', '', '', '', 39, ''),
(837, 'Januar Kastulani', 0, 0, '', '', '', '', '', 77, ''),
(838, 'Januardi', 0, 0, '', '', '', '', '', 26, ''),
(839, 'JARWI', 0, 0, '', '', '', '', '', 124, ''),
(840, 'Jasman Jayadi, S.Pd., M.Pd', 0, 0, '', '', '', '', '', 32, ''),
(841, 'Jawahir', 0, 0, '', '', '', '', '', 26, ''),
(842, 'JAYADI', 0, 0, '', '', '', '', '', 146, ''),
(843, 'Jayadi Arfah', 0, 0, '', '', '', '', '', 5, ''),
(844, 'Jayadi Zakaria', 0, 0, '', '', '', '', '', 39, ''),
(845, 'JEMMY NELWAN, S.Sos', 0, 0, '', '', '', '', '', 141, ''),
(846, 'Jojo Mugiarjo, S.Sos', 0, 0, '', '', '', '', '', 4, ''),
(847, 'Joko Seroso', 0, 0, '', '', '', '', '', 32, ''),
(848, 'Joni Jauhari, SE', 0, 0, '', '', '', '', '', 8, ''),
(849, 'Joni Jauhari,SE', 0, 0, '', '', '', '', '', 3, ''),
(850, 'JUHARDI', 0, 0, '', '', '', '', '', 145, ''),
(851, 'Jumadil Akhir (Lndng Lekong)', 0, 0, '', '', '', '', '', 111, ''),
(852, 'Jumadil Awal', 0, 0, '', '', '', '', '', 132, ''),
(853, 'Jumahir', 0, 0, '', '', '', '', '', 26, ''),
(854, 'JUMAIDI ', 0, 0, '', '', '', '', '', 151, ''),
(855, 'JUMENENG', 0, 0, '', '', '', '', '', 148, ''),
(856, ' Junaedi ', 0, 0, '', '', '', '', '', 38, ''),
(857, 'Junaidi (Gontoran Barat)', 0, 0, '', '', '', '', '', 101, ''),
(858, 'Junaidi Jafar', 0, 0, '', '', '', '', '', 35, ''),
(859, 'Junari, AMK', 0, 0, '', '', '', '', '', 14, ''),
(860, 'Ka Sub Umum dan Kepegawaian (Operasional)', 0, 0, '', '', '', '', '', 43, ''),
(861, 'KABAG UMUM', 0, 0, '', '', '', '', '', 142, ''),
(862, 'Kadis DPPKB ', 0, 0, '', '', '', '', '', 33, ''),
(863, 'KADRI ', 0, 0, '', '', '', '', '', 151, ''),
(864, 'Kadri Salam', 0, 0, '', '', '', '', '', 39, ''),
(865, 'Kamaluddin, SH', 0, 0, '', '', '', '', '', 36, ''),
(866, 'Kamariah, S.IP', 0, 0, '', '', '', '', '', 1, ''),
(867, 'Kamaruddin, S.Kom.\n\n', 0, 0, '', '', '', '', '', 6, ''),
(868, 'Kamarudin', 0, 0, '', '', '', '', '', 134, ''),
(869, 'Kanesti Cahaya Kartika, ST', 0, 0, '', '', '', '', '', 35, ''),
(870, 'KANTOR CAMAT AMPENAN', 0, 0, '', '', '', '', '', 44, ''),
(871, 'Kariawan, S.Pt., M.Si', 0, 0, '', '', '', '', '', 38, ''),
(872, 'Kartini, S. Sos', 0, 0, '', '', '', '', '', 129, ''),
(873, 'Karunawan,SH', 0, 0, '', '', '', '', '', 34, ''),
(874, 'Kasi Kepahlawanan & Penyuluhan Sosial', 0, 0, '', '', '', '', '', 40, ''),
(875, 'Kasi Pelayanan & Rehabilitasi Sosial Anak dan Usia Lanjut', 0, 0, '', '', '', '', '', 40, ''),
(876, 'Kasi Perlindungan Sosial Bencana Alam', 0, 0, '', '', '', '', '', 40, ''),
(877, 'Kasi Rehsos Penyandang Disabilitas dan Korban NAPZA', 0, 0, '', '', '', '', '', 40, ''),
(878, 'Kasi Rehsos Tuna Sosial, KTK dan PO', 0, 0, '', '', '', '', '', 40, ''),
(879, 'Kasma Atmajaya, S.IP', 0, 0, '', '', '', '', '', 32, ''),
(880, 'Kasmanto', 0, 0, '', '', '', '', '', 75, ''),
(881, 'KASRUN SOFI', 0, 0, '', '', '', '', '', 141, ''),
(882, 'Kasubag Perencanaan & Keuangan', 0, 0, '', '', '', '', '', 40, ''),
(883, 'Kasubag Umum dan Kepegawaian', 0, 0, '', '', '', '', '', 40, ''),
(884, 'Kasubbag Umum dan Kepegawaian (Operasional)', 0, 0, '', '', '', '', '', 43, ''),
(885, 'Kasubbag.umum&Kepeg.', 0, 0, '', '', '', '', '', 33, ''),
(886, 'KEL BERTAIS', 0, 0, '', '', '', '', '', 142, ''),
(887, 'KELURAHAN', 0, 0, '', '', '', '', '', 142, ''),
(888, 'KELURAHAN AMPENAN TENGAH', 0, 0, '', '', '', '', '', 46, ''),
(889, 'KELURAHAN BANJAR', 0, 0, '', '', '', '', '', 48, ''),
(890, 'Kendaraan Fooll/Rusak Berat', 0, 0, '', '', '', '', '', 33, ''),
(891, 'Kendaraan Operasional Bidang Pencegahan dan Pengendalian Penyakit', 0, 0, '', '', '', '', '', 12, ''),
(892, 'Kendaraan Operasional Patroli SATGAS', 0, 0, '', '', '', '', '', 40, ''),
(893, 'Kendaraan Operasional Puskesmas', 0, 0, '', '', '', '', '', 18, ''),
(894, 'Kendaraan Operasional Puskesmas Ampenan', 0, 0, '', '', '', '', '', 18, ''),
(895, 'Kendaraan Operasional Puskesmas Cakranegara', 0, 0, '', '', '', '', '', 19, ''),
(896, 'Kendaraan Operasional Puskesmas Dasan Agung', 0, 0, '', '', '', '', '', 14, ''),
(897, 'Kendaraan Operasional Puskesmas Dasan Cermen', 0, 0, '', '', '', '', '', 13, ''),
(898, 'Kendaraan Operasional Puskesmas Kr. Pule', 0, 0, '', '', '', '', '', 20, ''),
(899, 'Kendaraan Operasional Puskesmas Kr. Taliwang', 0, 0, '', '', '', '', '', 21, ''),
(900, 'Kendaraan Operasional Puskesmas Mataram', 0, 0, '', '', '', '', '', 22, ''),
(901, 'Kendaraan Operasional Puskesmas Pagesangan', 0, 0, '', '', '', '', '', 15, ''),
(902, 'Kendaraan Operasional Puskesmas Pejeruk', 0, 0, '', '', '', '', '', 16, ''),
(903, 'Kendaraan Operasional Puskesmas Selaparang', 0, 0, '', '', '', '', '', 17, ''),
(904, 'Kendaraan Operasional Puskesmas Tanjung Karang', 0, 0, '', '', '', '', '', 23, ''),
(905, 'Kendaraan pool', 0, 0, '', '', '', '', '', 33, ''),
(906, 'Kendaraan Pooli', 0, 0, '', '', '', '', '', 33, ''),
(907, 'Kendaraan pooll', 0, 0, '', '', '', '', '', 33, ''),
(908, 'Kendaraan Roda empat Operasional Seksi Promosi dan Pemberdayaan Masyarakat Bidang Kesehatan Masyarak', 0, 0, '', '', '', '', '', 12, ''),
(909, 'Kepala Bidang Pemberdayaan dan Kelembagaan Sosial', 0, 0, '', '', '', '', '', 40, ''),
(910, 'Kepala Bidang Penaganan Kemiskinan', 0, 0, '', '', '', '', '', 40, ''),
(911, 'Kepala Bidang Rehabilitasi dan Pelayanan Sosial', 0, 0, '', '', '', '', '', 40, ''),
(912, 'Kepala Dinas', 0, 0, '', '', '', '', '', 40, ''),
(913, 'Khairil Alami, SE', 0, 0, '', '', '', '', '', 4, ''),
(914, 'KHAIRIL ANWAR', 0, 0, '', '', '', '', '', 142, ''),
(915, 'KHAIRIL ANWAR ', 0, 0, '', '', '', '', '', 151, ''),
(916, 'KI AGUS IDHAM, BA', 0, 0, '', '', '', '', '', 141, ''),
(917, 'Ki Agus M. Idrus,SIP', 0, 0, '', '', '', '', '', 29, ''),
(918, 'Komang Partha', 0, 0, '', '', '', '', '', 50, ''),
(919, 'KPU', 0, 0, '', '', '', '', '', 142, ''),
(920, 'Kuratul Am, SE', 0, 0, '', '', '', '', '', 129, ''),
(921, 'Kurnia Muliadi, S.Sos', 0, 0, '', '', '', '', '', 4, ''),
(922, 'KURNIAWAN', 0, 0, '', '', '', '', '', 151, ''),
(923, 'Kurniawan H, STP', 0, 0, '', '', '', '', '', 36, ''),
(924, 'Kurniawati Purnamasari', 0, 0, '', '', '', '', '', 19, ''),
(925, 'Kusmayadi', 0, 0, '', '', '', '', '', 131, ''),
(926, 'KUSNADI, ST', 0, 0, '', '', '', '', '', 28, ''),
(927, 'Kusnadi,ST', 0, 0, '', '', '', '', '', 29, ''),
(928, 'KUTUBUDIN', 0, 0, '', '', '', '', '', 42, ''),
(929, 'L BURHANNUDIN', 0, 0, '', '', '', '', '', 42, ''),
(930, 'L SUDARWAN ', 0, 0, '', '', '', '', '', 151, ''),
(931, ' L. Abdullah ', 0, 0, '', '', '', '', '', 38, ''),
(932, 'L. AGUS KURNIADI, ST', 0, 0, '', '', '', '', '', 28, ''),
(933, 'L. Agus Supriyadi, ST.MT', 0, 0, '', '', '', '', '', 39, ''),
(934, 'L. Ahmad Maulayani, SP', 0, 0, '', '', '', '', '', 1, ''),
(935, 'L. Ahwan Rahman', 0, 0, '', '', '', '', '', 39, ''),
(936, 'L. Andi Agusfian', 0, 0, '', '', '', '', '', 36, ''),
(937, 'L. ARIA DHARMA. BS.SH', 0, 0, '', '', '', '', '', 42, ''),
(938, 'L. Ariman Saufiyadi (iwan)', 0, 0, '', '', '', '', '', 3, ''),
(939, 'L. Ashadi Cahyadi, S. Pi', 0, 0, '', '', '', '', '', 36, ''),
(940, 'L. Ikhwan', 0, 0, '', '', '', '', '', 39, ''),
(941, 'L. Lukman, SE', 0, 0, '', '', '', '', '', 41, ''),
(942, 'L. M. Agus Wiradam, SPT.MM.\n\n', 0, 0, '', '', '', '', '', 6, ''),
(943, 'L. Marsyadi Y', 0, 0, '', '', '', '', '', 19, ''),
(944, 'L. Moh Bakir', 0, 0, '', '', '', '', '', 26, ''),
(945, 'L. Muh. Rizal, SE', 0, 0, '', '', '', '', '', 35, ''),
(946, 'L. Muhammad Ismail, S.Pd.M.Pd.', 0, 0, '', '', '', '', '', 73, ''),
(947, 'L. Ofitrian Wikananda , SE', 0, 0, '', '', '', '', '', 31, ''),
(948, 'L. Perwira', 0, 0, '', '', '', '', '', 26, ''),
(949, 'L. Pohan', 0, 0, '', '', '', '', '', 39, ''),
(950, 'L. Putrangse', 0, 0, '', '', '', '', '', 26, ''),
(951, 'L. Putrawi', 0, 0, '', '', '', '', '', 26, ''),
(952, 'L. Rosadi Ahmad, S.Sos', 0, 0, '', '', '', '', '', 39, ''),
(953, 'L. Rusnan Mulyadi, ST.MT', 0, 0, '', '', '', '', '', 39, ''),
(954, 'L. Sajeran', 0, 0, '', '', '', '', '', 29, ''),
(955, 'L. Sapriadi', 0, 0, '', '', '', '', '', 50, ''),
(956, 'L. Setiawan', 0, 0, '', '', '', '', '', 26, ''),
(957, 'L. Sudana, ST', 0, 0, '', '', '', '', '', 39, ''),
(958, 'L. Sudiartha,SIP', 0, 0, '', '', '', '', '', 29, ''),
(959, 'L. Sudirman', 0, 0, '', '', '', '', '', 26, ''),
(960, 'L. Suhardi', 0, 0, '', '', '', '', '', 26, ''),
(961, 'L. Suherman Hasyim', 0, 0, '', '', '', '', '', 3, ''),
(962, 'L. Suherman Hasyim S.Adm', 0, 0, '', '', '', '', '', 31, ''),
(963, 'L. Yopi Diansastra W.K , SE', 0, 0, '', '', '', '', '', 32, ''),
(964, 'L.Artadi,S.Adm', 0, 0, '', '', '', '', '', 2, ''),
(965, 'L.Asrul Hakim S. Adm', 0, 0, '', '', '', '', '', 31, ''),
(966, 'L.Jupni Rerawan Sopantika ', 0, 0, '', '', '', '', '', 3, ''),
(967, 'L.laga aswandi', 0, 0, '', '', '', '', '', 26, ''),
(968, 'L.Muh.Zuhry Muslim, ST', 0, 0, '', '', '', '', '', 39, ''),
(969, 'L.MULYANTO', 0, 0, '', '', '', '', '', 128, ''),
(970, 'Lahir (Pustu Kr. Baru)', 0, 0, '', '', '', '', '', 17, ''),
(971, ' Laila Budiningrum, SP ', 0, 0, '', '', '', '', '', 38, ''),
(972, 'LALE WIDIAHNING, ST', 0, 0, '', '', '', '', '', 28, ''),
(973, 'Lalu Ahmad Gunadi, S.Kom', 0, 0, '', '', '', '', '', 9, ''),
(974, 'LALU ALWAN BASRI', 0, 0, '', '', '', '', '', 34, ''),
(975, 'Lalu Anwar Sanusi', 0, 0, '', '', '', '', '', 38, ''),
(976, 'Lalu Bramantio Ganeru, ST.,MT.\n\n', 0, 0, '', '', '', '', '', 6, ''),
(977, 'Lalu Edy Yulhak', 0, 0, '', '', '', '', '', 137, ''),
(978, 'Lalu Febrian Pranata', 0, 0, '', '', '', '', '', 9, ''),
(979, 'Lalu Hadi Bahtiar', 0, 0, '', '', '', '', '', 24, ''),
(980, 'Lalu Hadi Kurniawan', 0, 0, '', '', '', '', '', 35, ''),
(981, 'Lalu Husni Bardin, SH', 0, 0, '', '', '', '', '', 133, ''),
(982, 'Lalu Ikhlas Mama Sukur, SIP', 0, 0, '', '', '', '', '', 35, ''),
(983, 'Lalu Indra Kesuma, SE', 0, 0, '', '', '', '', '', 9, ''),
(984, 'Lalu Irpan Panca Baharudin, SE\n\n', 0, 0, '', '', '', '', '', 6, ''),
(985, 'Lalu Issugiono', 0, 0, '', '', '', '', '', 49, ''),
(986, 'Lalu Juniartha Atmaja', 0, 0, '', '', '', '', '', 137, ''),
(987, ' Lalu Marta Wijaya  ', 0, 0, '', '', '', '', '', 76, ''),
(988, 'Lalu Muh. Tarikh', 0, 0, '', '', '', '', '', 35, ''),
(989, 'Lalu Mujahidin Salis,SH', 0, 0, '', '', '', '', '', 29, ''),
(990, 'LALU NUKMAN ', 0, 0, '', '', '', '', '', 42, ''),
(991, 'Lalu Radi Atmaja', 0, 0, '', '', '', '', '', 38, ''),
(992, 'Lalu Ramdan Sutiar', 0, 0, '', '', '', '', '', 38, ''),
(993, 'LALU RAUHIL AHYAN, SH', 0, 0, '', '', '', '', '', 141, ''),
(994, 'Lalu Salim', 0, 0, '', '', '', '', '', 29, ''),
(995, 'Lalu Sapraen', 0, 0, '', '', '', '', '', 38, ''),
(996, 'Lalu Satria Utama, S.STP.,MM\n', 0, 0, '', '', '', '', '', 6, ''),
(997, 'Lalu Satriadinata', 0, 0, '', '', '', '', '', 49, ''),
(998, 'Lalu Satriawan', 0, 0, '', '', '', '', '', 13, ''),
(999, 'Lalu Selo Ratno, SP (Irban II)', 0, 0, '', '', '', '', '', 43, ''),
(1000, 'Lalu Setiawan', 0, 0, '', '', '', '', '', 9, ''),
(1001, 'Lalu Shobari, SE', 0, 0, '', '', '', '', '', 9, ''),
(1002, 'Lalu Supari', 0, 0, '', '', '', '', '', 23, ''),
(1003, 'Lalu Suryajagad, SE', 0, 0, '', '', '', '', '', 35, ''),
(1004, 'Lalu Widya Bhakti Utama, S.Sos', 0, 0, '', '', '', '', '', 33, ''),
(1005, 'LALU WIRAHADI KUSUMA', 0, 0, '', '', '', '', '', 141, ''),
(1006, 'LALU ZULKARNAEN', 0, 0, '', '', '', '', '', 145, ''),
(1007, 'Lalu.Ridwan,S.Sos.ME.MM', 0, 0, '', '', '', '', '', 2, ''),
(1008, 'Latifah Hanun, S.Pd', 0, 0, '', '', '', '', '', 33, ''),
(1009, ' Laza Fatribana, SIP. ', 0, 0, '', '', '', '', '', 70, ''),
(1010, 'Leni Oktava, A.Ks.MH.', 0, 0, '', '', '', '', '', 37, ''),
(1011, 'Leo Amri S, S. Adm', 0, 0, '', '', '', '', '', 36, ''),
(1012, 'Lewen Gunawan', 0, 0, '', '', '', '', '', 135, ''),
(1013, 'Lilik Khaeriyah,SE', 0, 0, '', '', '', '', '', 31, ''),
(1014, 'Lilik Sundasari, SP', 0, 0, '', '', '', '', '', 38, ''),
(1015, 'Lina Winiarti', 0, 0, '', '', '', '', '', 15, ''),
(1016, 'LPA', 0, 0, '', '', '', '', '', 30, ''),
(1017, 'Luh Made Sutami', 0, 0, '', '', '', '', '', 13, ''),
(1018, 'LUKMAN', 0, 0, '', '', '', '', '', 127, ''),
(1019, 'LUKMAN AZIZ', 0, 0, '', '', '', '', '', 127, ''),
(1020, 'Lukmanul Hakim,S.Sos', 0, 0, '', '', '', '', '', 3, ''),
(1021, 'LURAH', 0, 0, '', '', '', '', '', 46, ''),
(1022, 'M NAZARUDIN FIKRI, S.Sos. M.Si, MRP (Kabag)', 0, 0, '', '', '', '', '', 143, ''),
(1023, 'M Sayuti Setah', 0, 0, '', '', '', '', '', 38, ''),
(1024, 'M. agus ridwan', 0, 0, '', '', '', '', '', 26, ''),
(1025, 'M. Amin (Nyangget)', 0, 0, '', '', '', '', '', 114, ''),
(1026, 'M. Bakri (Ldg Lekong Turida)', 0, 0, '', '', '', '', '', 112, ''),
(1027, 'M. Basri', 0, 0, '', '', '', '', '', 39, ''),
(1028, 'M. Faesal (Sayo Baru)', 0, 0, '', '', '', '', '', 116, ''),
(1029, 'M. Fakhrurrozi (Turida Bart)', 0, 0, '', '', '', '', '', 121, ''),
(1030, 'M. GARDUNTA, SH', 0, 0, '', '', '', '', '', 141, ''),
(1031, ' M. Hasanain Haekal ', 0, 0, '', '', '', '', '', 38, ''),
(1032, 'M. Imamul Adil, S.Sos', 0, 0, '', '', '', '', '', 41, ''),
(1033, 'M. ISRAK TANTAWI JAUHARI, SIP', 0, 0, '', '', '', '', '', 141, ''),
(1034, 'M. Iswandi', 0, 0, '', '', '', '', '', 39, ''),
(1035, 'M. Jamali (Turida Timur)', 0, 0, '', '', '', '', '', 122, ''),
(1036, 'M. Jamil (Kr Rundun)', 0, 0, '', '', '', '', '', 109, ''),
(1037, 'M. Junaedi Meihartono, S.Pd., MM \n', 0, 0, '', '', '', '', '', 6, ''),
(1038, 'M. Mirwan', 0, 0, '', '', '', '', '', 26, ''),
(1039, 'M. Munzir (Babakan Barat)', 0, 0, '', '', '', '', '', 80, ''),
(1040, 'M. MURAD, S.Pi', 0, 0, '', '', '', '', '', 60, ''),
(1041, 'M. Murahim', 0, 0, '', '', '', '', '', 39, ''),
(1042, 'M. Nizam', 0, 0, '', '', '', '', '', 38, ''),
(1043, ' M. Pahrurozi ', 0, 0, '', '', '', '', '', 66, ''),
(1044, 'M. Pasmi', 0, 0, '', '', '', '', '', 75, ''),
(1045, 'M. Raisin', 0, 0, '', '', '', '', '', 50, ''),
(1046, 'M. Ramayoga, SE., MM.\n\n\n', 0, 0, '', '', '', '', '', 6, ''),
(1047, 'M. Ramli', 0, 0, '', '', '', '', '', 26, ''),
(1048, 'M. Rosyadi Hilman, Amd.Kep', 0, 0, '', '', '', '', '', 14, ''),
(1049, 'M. Saeful', 0, 0, '', '', '', '', '', 26, ''),
(1050, 'M. Saing', 0, 0, '', '', '', '', '', 50, ''),
(1051, 'M. Saleh (Kr Bata Utara)', 0, 0, '', '', '', '', '', 105, ''),
(1052, 'M. SALEH STAF AHLI', 0, 0, '', '', '', '', '', 142, ''),
(1053, 'M. SALMAN ALFARIZI, SE', 0, 0, '', '', '', '', '', 141, ''),
(1054, 'M. sanusi', 0, 0, '', '', '', '', '', 26, ''),
(1055, 'M. Soleh Prasno', 0, 0, '', '', '', '', '', 12, ''),
(1056, 'M. Sujayadi, ST.,M.EngSc\n\n\n\n', 0, 0, '', '', '', '', '', 6, ''),
(1057, 'M. Sukwan Tavip, S.Sos', 0, 0, '', '', '', '', '', 4, ''),
(1058, 'M. Taufik', 0, 0, '', '', '', '', '', 32, ''),
(1059, 'M. YASIN', 0, 0, '', '', '', '', '', 52, ''),
(1060, 'M. Yasin, S.Pd', 0, 0, '', '', '', '', '', 32, ''),
(1061, 'M. Yasman', 0, 0, '', '', '', '', '', 3, ''),
(1062, 'M. Zaenudin', 0, 0, '', '', '', '', '', 26, ''),
(1063, 'M. Zainudin', 0, 0, '', '', '', '', '', 135, ''),
(1064, 'M. Zulhaidir', 0, 0, '', '', '', '', '', 35, ''),
(1065, 'M.fauzan', 0, 0, '', '', '', '', '', 26, ''),
(1066, 'M.HUSNI', 0, 0, '', '', '', '', '', 124, ''),
(1067, 'M.Indra Yuliardy,SH', 0, 0, '', '', '', '', '', 3, ''),
(1068, 'M.Irwan, A.Md', 0, 0, '', '', '', '', '', 38, ''),
(1069, 'M.Ramli (Gerung Apitaik)', 0, 0, '', '', '', '', '', 97, ''),
(1070, 'M.sopian', 0, 0, '', '', '', '', '', 26, ''),
(1071, 'M.YUNUS UDIN', 0, 0, '', '', '', '', '', 126, ''),
(1072, 'M.ZAKI', 0, 0, '', '', '', '', '', 125, ''),
(1073, 'Made Agus Pardum AP', 0, 0, '', '', '', '', '', 58, ''),
(1074, 'Made Artha Merakih', 0, 0, '', '', '', '', '', 135, ''),
(1075, 'Made Putu Sudiartha', 0, 0, '', '', '', '', '', 58, ''),
(1076, 'Made Suaniti, SH', 0, 0, '', '', '', '', '', 31, ''),
(1077, 'Made Sutendra', 0, 0, '', '', '', '', '', 63, ''),
(1078, 'Mahayati Sandy, SE', 0, 0, '', '', '', '', '', 131, ''),
(1079, 'Mahfuddin Noor, S.Sos', 0, 0, '', '', '', '', '', 35, ''),
(1080, 'Mahmud', 0, 0, '', '', '', '', '', 26, ''),
(1081, 'Mahnum, S. Sos', 0, 0, '', '', '', '', '', 130, ''),
(1082, 'Mahrup (Dsn Cermen Sltn)', 0, 0, '', '', '', '', '', 93, ''),
(1083, 'Mahsan,SE', 0, 0, '', '', '', '', '', 29, ''),
(1084, 'Mahsin', 0, 0, '', '', '', '', '', 134, ''),
(1085, 'Mahsun (Kebon Duren)', 0, 0, '', '', '', '', '', 110, ''),
(1086, 'Mahsun, S.Adm', 0, 0, '', '', '', '', '', 12, ''),
(1087, 'Mahyun (Babakan Utara)', 0, 0, '', '', '', '', '', 86, ''),
(1088, 'Makhrus Sazali', 0, 0, '', '', '', '', '', 130, ''),
(1089, 'Maksud', 0, 0, '', '', '', '', '', 70, ''),
(1090, 'Maladi, SE', 0, 0, '', '', '', '', '', 26, ''),
(1091, 'Malui', 0, 0, '', '', '', '', '', 15, ''),
(1092, 'Malwi', 0, 0, '', '', '', '', '', 34, ''),
(1093, 'Mamluatul Chair, S.Sos', 0, 0, '', '', '', '', '', 41, ''),
(1094, 'MANSUR, SH, MH (Kabag)', 0, 0, '', '', '', '', '', 147, ''),
(1095, 'MARDAN', 0, 0, '', '', '', '', '', 127, ''),
(1096, 'Mardiyana, S.Pt', 0, 0, '', '', '', '', '', 38, ''),
(1097, 'MARHAENI.SE', 0, 0, '', '', '', '', '', 123, ''),
(1098, 'Mariadi', 0, 0, '', '', '', '', '', 3, ''),
(1099, 'Mariani Napitupulu, S. Sos', 0, 0, '', '', '', '', '', 8, ''),
(1100, 'Mariatul Kiptiah, S.Ag', 0, 0, '', '', '', '', '', 41, ''),
(1101, 'Marsalim', 0, 0, '', '', '', '', '', 75, ''),
(1102, 'Marsana', 0, 0, '', '', '', '', '', 64, ''),
(1103, 'MARTHA YULI', 0, 0, '', '', '', '', '', 146, ''),
(1104, 'Martoan', 0, 0, '', '', '', '', '', 56, ''),
(1105, 'Marzuki', 0, 0, '', '', '', '', '', 38, ''),
(1106, 'Marzuki, S.Pi', 0, 0, '', '', '', '', '', 36, ''),
(1107, 'MAS,UD', 0, 0, '', '', '', '', '', 127, ''),
(1108, 'Masehan', 0, 0, '', '', '', '', '', 12, ''),
(1109, 'Masna Junaidi', 0, 0, '', '', '', '', '', 26, ''),
(1110, 'Masnun', 0, 0, '', '', '', '', '', 129, ''),
(1111, 'Masrun', 0, 0, '', '', '', '', '', 55, ''),
(1112, 'Masrun, SH', 0, 0, '', '', '', '', '', 134, ''),
(1113, 'Mastari, SP', 0, 0, '', '', '', '', '', 36, ''),
(1114, 'Mastolah', 0, 0, '', '', '', '', '', 69, ''),
(1115, 'Maswan (Selagalas Baru)', 0, 0, '', '', '', '', '', 117, ''),
(1116, 'Matni, SH', 0, 0, '', '', '', '', '', 5, ''),
(1117, 'Mawardi', 0, 0, '', '', '', '', '', 134, ''),
(1118, 'MD SWASTIKA ', 0, 0, '', '', '', '', '', 142, ''),
(1119, 'MEDY ISMAIL SUPIR', 0, 0, '', '', '', '', '', 151, ''),
(1120, 'Mega Rahmanita (Poskesdes)', 0, 0, '', '', '', '', '', 22, ''),
(1121, 'MELAYU BANGSAL', 0, 0, '', '', '', '', '', 46, ''),
(1122, 'MELAYU TENGAH', 0, 0, '', '', '', '', '', 46, ''),
(1123, 'MELAYU TIMUR', 0, 0, '', '', '', '', '', 46, ''),
(1124, 'Miftahul Jannah, SKM', 0, 0, '', '', '', '', '', 14, ''),
(1125, 'Miftahurrahman, ST.,MT', 0, 0, '', '', '', '', '', 5, ''),
(1126, 'MIHUM ', 0, 0, '', '', '', '', '', 151, ''),
(1127, 'Milhanah', 0, 0, '', '', '', '', '', 9, ''),
(1128, 'Minhajul abidin', 0, 0, '', '', '', '', '', 26, ''),
(1129, 'Mira Nuraini, S Sos', 0, 0, '', '', '', '', '', 31, ''),
(1130, 'MIRATRI ABSARI, ST. MAT', 0, 0, '', '', '', '', '', 28, ''),
(1131, 'Misbahul Munir (Tegal)', 0, 0, '', '', '', '', '', 119, ''),
(1132, 'Misrin', 0, 0, '', '', '', '', '', 41, ''),
(1133, 'MITA', 0, 0, '', '', '', '', '', 146, ''),
(1134, 'Mobil Fool', 0, 0, '', '', '', '', '', 33, ''),
(1135, 'MOBIL OPERASIONAL', 0, 0, '', '', '', '', '', 42, ''),
(1136, 'Mobil Pelayanan', 0, 0, '', '', '', '', '', 139, ''),
(1137, 'Moh Zaki, SIP', 0, 0, '', '', '', '', '', 26, ''),
(1138, 'Moh. Alfin Fansyuri, SE Mak', 0, 0, '', '', '', '', '', 26, ''),
(1139, 'Moh. Ali', 0, 0, '', '', '', '', '', 4, ''),
(1140, 'Moh. Ilham, S.Sos', 0, 0, '', '', '', '', '', 35, ''),
(1141, 'Moh. Tubagus Ardy', 0, 0, '', '', '', '', '', 76, ''),
(1142, 'MOH. ZAKARIA', 0, 0, '', '', '', '', '', 146, ''),
(1143, 'MOH.RASUL', 0, 0, '', '', '', '', '', 126, ''),
(1144, 'MOH.YUSUF.SE', 0, 0, '', '', '', '', '', 124, ''),
(1145, 'Moh.Zaki,SIP', 0, 0, '', '', '', '', '', 26, ''),
(1146, 'Mohamad Buhaeri', 0, 0, '', '', '', '', '', 136, ''),
(1147, 'MOHAMMAD ISWAN. S.Sos', 0, 0, '', '', '', '', '', 42, ''),
(1148, 'MOURIES S', 0, 0, '', '', '', '', '', 151, ''),
(1149, 'MSLIHIN', 0, 0, '', '', '', '', '', 28, ''),
(1150, 'Mualim Na\'im', 0, 0, '', '', '', '', '', 132, ''),
(1151, 'Muh. Amin', 0, 0, '', '', '', '', '', 73, ''),
(1152, 'Muhamad Nur, S. Sos', 0, 0, '', '', '', '', '', 137, ''),
(1153, 'Muhamad Nurman, SE   ', 0, 0, '', '', '', '', '', 27, ''),
(1154, 'Muhamad Samsurizal, SP', 0, 0, '', '', '', '', '', 9, ''),
(1155, 'Muhamad Zamroni', 0, 0, '', '', '', '', '', 132, ''),
(1156, 'Muhammad Adi', 0, 0, '', '', '', '', '', 36, ''),
(1157, 'MUHAMMAD FAISAL, SIP', 0, 0, '', '', '', '', '', 51, ''),
(1158, 'MUHAMMAD IRFAN, ST', 0, 0, '', '', '', '', '', 28, ''),
(1159, 'Muhammad Juliadi (Pengurus Barang)', 0, 0, '', '', '', '', '', 43, ''),
(1160, 'Muhammad Kaskian', 0, 0, '', '', '', '', '', 52, ''),
(1161, 'Muhammad Munawir,SE', 0, 0, '', '', '', '', '', 2, ''),
(1162, 'Muhli', 0, 0, '', '', '', '', '', 77, ''),
(1163, 'Mujianah,SE', 0, 0, '', '', '', '', '', 2, ''),
(1164, 'MUJIMAN', 0, 0, '', '', '', '', '', 53, ''),
(1165, 'Mujmal', 0, 0, '', '', '', '', '', 39, ''),
(1166, 'Mukarya Sapria Mahyudin', 0, 0, '', '', '', '', '', 38, ''),
(1167, 'Mukhlis, S.Sos (Kasubbag Perencanaan dan Keuangan)', 0, 0, '', '', '', '', '', 43, ''),
(1168, 'MUKSAN', 0, 0, '', '', '', '', '', 54, ''),
(1169, 'Muksin', 0, 0, '', '', '', '', '', 26, ''),
(1170, 'MUKSIN ALKAF ', 0, 0, '', '', '', '', '', 151, ''),
(1171, 'Mukti Ali', 0, 0, '', '', '', '', '', 74, ''),
(1172, 'Muliadi', 0, 0, '', '', '', '', '', 133, ''),
(1173, 'Multajam, S.Sos', 0, 0, '', '', '', '', '', 5, ''),
(1174, 'Muludin', 0, 0, '', '', '', '', '', 138, ''),
(1175, 'Mulya Hidayat, S.STP', 0, 0, '', '', '', '', '', 136, ''),
(1176, 'Mulyadi, S. Pi.M. Si', 0, 0, '', '', '', '', '', 36, ''),
(1177, 'Mulyadin', 0, 0, '', '', '', '', '', 39, ''),
(1178, 'MULYANA ', 0, 0, '', '', '', '', '', 151, ''),
(1179, 'MULYANINGSIH.S.IP', 0, 0, '', '', '', '', '', 127, ''),
(1180, 'MULYO HARSONO', 0, 0, '', '', '', '', '', 148, ''),
(1181, 'MUNAJAB', 0, 0, '', '', '', '', '', 126, ''),
(1182, 'MUNAJAH ', 0, 0, '', '', '', '', '', 151, ''),
(1183, 'MUNARI', 0, 0, '', '', '', '', '', 42, ''),
(1184, 'MUNAWIR', 0, 0, '', '', '', '', '', 42, ''),
(1185, 'Munawir Haris', 0, 0, '', '', '', '', '', 26, ''),
(1186, 'Muniarti ', 0, 0, '', '', '', '', '', 38, ''),
(1187, 'Munir (Kr Pelambek)', 0, 0, '', '', '', '', '', 108, ''),
(1188, 'Murdin, S.Sos', 0, 0, '', '', '', '', '', 3, ''),
(1189, 'Murniati Br.Ginting', 0, 0, '', '', '', '', '', 33, ''),
(1190, 'Mursidin, S.Sos', 0, 0, '', '', '', '', '', 39, ''),
(1191, 'Musa\'ah', 0, 0, '', '', '', '', '', 130, ''),
(1192, 'Muslehatin', 0, 0, '', '', '', '', '', 32, ''),
(1193, ' Muslehudin  ', 0, 0, '', '', '', '', '', 38, ''),
(1194, 'Musliandi (Grg Sayo Indah)', 0, 0, '', '', '', '', '', 100, ''),
(1195, 'Muslihan', 0, 0, '', '', '', '', '', 65, ''),
(1196, 'MUSLIM, ST', 0, 0, '', '', '', '', '', 28, ''),
(1197, 'Muslimin', 0, 0, '', '', '', '', '', 22, ''),
(1198, 'MUSLIMIN,S.Sos', 0, 0, '', '', '', '', '', 47, ''),
(1199, 'Musmulyadi', 0, 0, '', '', '', '', '', 39, ''),
(1200, 'Mustakim', 0, 0, '', '', '', '', '', 39, ''),
(1201, 'Mustakim (Jangkuk)', 0, 0, '', '', '', '', '', 102, ''),
(1202, 'Mustamin', 0, 0, '', '', '', '', '', 132, ''),
(1203, 'Mustarif', 0, 0, '', '', '', '', '', 39, ''),
(1204, 'MUSTILKAR', 0, 0, '', '', '', '', '', 47, ''),
(1205, ' Muzakalah, SH. ', 0, 0, '', '', '', '', '', 73, ''),
(1206, 'Muzakallah', 0, 0, '', '', '', '', '', 74, ''),
(1207, 'N u r a i n i', 0, 0, '', '', '', '', '', 33, ''),
(1208, 'Nanang Edward, SH', 0, 0, '', '', '', '', '', 39, ''),
(1209, 'Nanang Pujo Raharjo, ST. MT', 0, 0, '', '', '', '', '', 39, ''),
(1210, 'Nanang Sukirman', 0, 0, '', '', '', '', '', 23, ''),
(1211, 'Nasir Sungkar, S.Ip', 0, 0, '', '', '', '', '', 33, ''),
(1212, 'Nasrullah', 0, 0, '', '', '', '', '', 26, ''),
(1213, 'Nasrullah,SH', 0, 0, '', '', '', '', '', 29, ''),
(1214, 'Naufal Aldian, S. Pt', 0, 0, '', '', '', '', '', 8, ''),
(1215, 'NENGAH', 0, 0, '', '', '', '', '', 151, ''),
(1216, 'Nengah Parka', 0, 0, '', '', '', '', '', 74, ''),
(1217, 'NENGAH SAPUTRA', 0, 0, '', '', '', '', '', 127, ''),
(1218, 'Ni Cening Wargiasih', 0, 0, '', '', '', '', '', 33, ''),
(1219, 'Ni Kadek Karsini', 0, 0, '', '', '', '', '', 15, ''),
(1220, ' Ni Kadek Sukastika,SP ', 0, 0, '', '', '', '', '', 38, ''),
(1221, 'Ni Ketut Jepun Suryani', 0, 0, '', '', '', '', '', 20, ''),
(1222, 'Ni Ketut Sukarlin Pusdikawati,SH', 0, 0, '', '', '', '', '', 33, ''),
(1223, 'Ni Luh Apsarini Permatasari', 0, 0, '', '', '', '', '', 16, ''),
(1224, 'Ni Luh Ayu Murwanti', 0, 0, '', '', '', '', '', 23, ''),
(1225, 'Ni Luh Ketut Sri Adiwati', 0, 0, '', '', '', '', '', 23, ''),
(1226, 'Ni Luh Putu Surniawati', 0, 0, '', '', '', '', '', 33, ''),
(1227, 'Ni Luh Putu Tantri Wardani,SE', 0, 0, '', '', '', '', '', 33, ''),
(1228, 'Ni Luh Suwisni', 0, 0, '', '', '', '', '', 12, ''),
(1229, 'Ni Made Puspayeni', 0, 0, '', '', '', '', '', 12, ''),
(1230, 'Ni Made Sri Utari', 0, 0, '', '', '', '', '', 19, ''),
(1231, 'Ni Made Yuyun Cahyani, ST', 0, 0, '', '', '', '', '', 28, ''),
(1232, 'Ni Nengah Heni Suwarti', 0, 0, '', '', '', '', '', 9, ''),
(1233, 'Ni Nengah Setiawati', 0, 0, '', '', '', '', '', 22, ''),
(1234, 'Ni Nengah Supadmini', 0, 0, '', '', '', '', '', 17, ''),
(1235, 'NI NYOMAN DEWI AYU SUMIARSIH, S.STP', 0, 0, '', '', '', '', '', 141, ''),
(1236, 'Ni Nyoman Ngurah Astuti', 0, 0, '', '', '', '', '', 33, ''),
(1237, 'Ni Putu Buje Astuti, A. Md', 0, 0, '', '', '', '', '', 9, ''),
(1238, 'Ni Putu Yudiantari', 0, 0, '', '', '', '', '', 19, ''),
(1239, 'Ni Putu Yuli Adnjana', 0, 0, '', '', '', '', '', 14, ''),
(1240, 'Ni Wayan Artini', 0, 0, '', '', '', '', '', 33, ''),
(1241, 'Ni Wayan Budiarti', 0, 0, '', '', '', '', '', 20, ''),
(1242, 'Ni Wayan Laksmi P', 0, 0, '', '', '', '', '', 22, ''),
(1243, 'Ni Wayan N Oktariani', 0, 0, '', '', '', '', '', 19, ''),
(1244, 'Ni Wayan Pramini', 0, 0, '', '', '', '', '', 12, ''),
(1245, 'NIKO PUTRA PANUNGGAL', 0, 0, '', '', '', '', '', 28, ''),
(1246, 'Nimas Nini Winarni,S.Adm', 0, 0, '', '', '', '', '', 34, ''),
(1247, 'Nining Fadliyah', 0, 0, '', '', '', '', '', 18, ''),
(1248, 'Niti Karyanto', 0, 0, '', '', '', '', '', 134, ''),
(1249, 'Nizar Denny Cahyadi, SE', 0, 0, '', '', '', '', '', 3, ''),
(1250, 'NOFITA AMIR HUSEN', 0, 0, '', '', '', '', '', 147, ''),
(1251, 'Novi Dian Novia, SE.', 0, 0, '', '', '', '', '', 37, ''),
(1252, 'Noviyanti Corieoney, S. Ag', 0, 0, '', '', '', '', '', 25, ''),
(1253, 'Nugrahaningsih Sri Lestari, SE', 0, 0, '', '', '', '', '', 50, ''),
(1254, 'Nur Asmah, SH.,MH', 0, 0, '', '', '', '', '', 77, ''),
(1255, 'Nur Efendi, SH', 0, 0, '', '', '', '', '', 4, ''),
(1256, 'Nur ihsan', 0, 0, '', '', '', '', '', 26, ''),
(1257, 'NURAINI ', 0, 0, '', '', '', '', '', 151, ''),
(1258, 'Nur\'aini (Dsn Cermen Timur)', 0, 0, '', '', '', '', '', 78, ''),
(1259, 'Nurdiansyah (Kr Bata Tngh)', 0, 0, '', '', '', '', '', 104, ''),
(1260, 'Nurhaida', 0, 0, '', '', '', '', '', 12, ''),
(1261, ' Nurhayati, SP ', 0, 0, '', '', '', '', '', 38, ''),
(1262, 'Nurlaily Azizah, ST', 0, 0, '', '', '', '', '', 1, ''),
(1263, 'Nurma\'in', 0, 0, '', '', '', '', '', 134, ''),
(1264, 'NURMILA. A, S.Sos', 0, 0, '', '', '', '', '', 144, ''),
(1265, 'Nursaen', 0, 0, '', '', '', '', '', 132, ''),
(1266, 'Nursiman (Pengempel Indah)', 0, 0, '', '', '', '', '', 115, ''),
(1267, 'Nurul Aini', 0, 0, '', '', '', '', '', 38, ''),
(1268, 'Nurul Hasni', 0, 0, '', '', '', '', '', 5, ''),
(1269, 'NURUL MUKMIN', 0, 0, '', '', '', '', '', 146, ''),
(1270, 'Nurun Khaerani', 0, 0, '', '', '', '', '', 65, ''),
(1271, 'Nym Sri Utami, S.Pi, MM', 0, 0, '', '', '', '', '', 38, ''),
(1272, 'Nyoman Dibya, SH', 0, 0, '', '', '', '', '', 55, ''),
(1273, 'Operasioanal', 0, 0, '', '', '', '', '', 3, ''),
(1274, 'OPERASIONAL', 0, 0, '', '', '', '', '', 145, ''),
(1275, 'operasional ', 0, 0, '', '', '', '', '', 43, ''),
(1276, 'Operasional ( Bidang Aset )', 0, 0, '', '', '', '', '', 3, ''),
(1277, 'Operasional Dinas Pendidikan', 0, 0, '', '', '', '', '', 32, ''),
(1278, 'Operasional Pajak  Daerah', 0, 0, '', '', '', '', '', 3, ''),
(1279, 'Operasional Sekretariat', 0, 0, '', '', '', '', '', 43, ''),
(1280, 'Operasional Taman Bacaan / SKB', 0, 0, '', '', '', '', '', 32, ''),
(1281, ' Orytz De Laura, SP ', 0, 0, '', '', '', '', '', 38, ''),
(1282, 'Padli Hidayat', 0, 0, '', '', '', '', '', 39, ''),
(1283, 'Panwas', 0, 0, '', '', '', '', '', 3, ''),
(1284, 'Parman, ST', 0, 0, '', '', '', '', '', 39, ''),
(1285, 'Parman/ SATGAS', 0, 0, '', '', '', '', '', 39, ''),
(1286, 'Pathurrahman,SH', 0, 0, '', '', '', '', '', 29, ''),
(1287, 'PEMERINTAHAN', 0, 0, '', '', '', '', '', 142, ''),
(1288, 'PENDOPO ', 0, 0, '', '', '', '', '', 151, ''),
(1289, 'Pengurus Barang', 0, 0, '', '', '', '', '', 40, ''),
(1290, 'PERESAK', 0, 0, '', '', '', '', '', 46, ''),
(1291, 'PERSURATAN', 0, 0, '', '', '', '', '', 145, ''),
(1292, 'Petrina Araminta', 0, 0, '', '', '', '', '', 16, ''),
(1293, 'PINJAM PAKAI OLEH SKPD LAIN Direktur RSM Kota Mataram', 0, 0, '', '', '', '', '', 11, ''),
(1294, 'PINJAM PAKAI OLEH SKPD LAIN Dr.H.L.Herman Mahaputra', 0, 0, '', '', '', '', '', 11, ''),
(1295, 'PINJAM PAKAI OLEH SKPD LAIN PMI Kota Mataram', 0, 0, '', '', '', '', '', 11, ''),
(1296, 'PINJAM PAKAI OLEH SKPD LAIN Satpol PP Kota Mataram', 0, 0, '', '', '', '', '', 11, ''),
(1297, 'PINTU AIR', 0, 0, '', '', '', '', '', 46, ''),
(1298, 'PKK', 0, 0, '', '', '', '', '', 142, ''),
(1299, 'PLT I. GA. A. Nugrahini', 0, 0, '', '', '', '', '', 61, ''),
(1300, 'PLT. I Nyoman Aryana, SH', 0, 0, '', '', '', '', '', 61, ''),
(1301, 'PLT. Masrun, SH', 0, 0, '', '', '', '', '', 61, ''),
(1302, 'Plt. Suwondo, S. Sos', 0, 0, '', '', '', '', '', 61, ''),
(1303, 'Pudji Andriani', 0, 0, '', '', '', '', '', 21, ''),
(1304, 'Puji Astuti', 0, 0, '', '', '', '', '', 39, ''),
(1305, 'PUPUH FIRMAN', 0, 0, '', '', '', '', '', 47, ''),
(1306, 'Purwanto,SH', 0, 0, '', '', '', '', '', 29, ''),
(1307, 'Raden Roos Nugroho, SE', 0, 0, '', '', '', '', '', 52, ''),
(1308, 'Raede', 0, 0, '', '', '', '', '', 26, ''),
(1309, 'Rahendi Warsita', 0, 0, '', '', '', '', '', 35, ''),
(1310, 'RAHMAN', 0, 0, '', '', '', '', '', 42, ''),
(1311, 'Rahman Riadi', 0, 0, '', '', '', '', '', 23, ''),
(1312, 'RAHMAT', 0, 0, '', '', '', '', '', 42, ''),
(1313, 'Rahmat Fakhrurrozi, S.IP.MM.', 0, 0, '', '', '', '', '', 75, ''),
(1314, 'Rahmat Surie, SIP', 0, 0, '', '', '', '', '', 25, ''),
(1315, 'Rahmat, S.Sos', 0, 0, '', '', '', '', '', 37, ''),
(1316, 'Ramdan', 0, 0, '', '', '', '', '', 26, ''),
(1317, 'Ramli', 0, 0, '', '', '', '', '', 26, ''),
(1318, 'Ramli (Selagalas Lama)', 0, 0, '', '', '', '', '', 118, ''),
(1319, 'Ramli, SE', 0, 0, '', '', '', '', '', 1, ''),
(1320, 'Rasidyi', 0, 0, '', '', '', '', '', 39, ''),
(1321, 'Raudatul Ilmi', 0, 0, '', '', '', '', '', 20, ''),
(1322, 'RB BARU (BKD)', 0, 0, '', '', '', '', '', 142, ''),
(1323, 'RB DARI KORPRI', 0, 0, '', '', '', '', '', 142, ''),
(1324, 'RB. H JAPALID ', 0, 0, '', '', '', '', '', 151, ''),
(1325, 'RENDY', 0, 0, '', '', '', '', '', 42, ''),
(1326, 'Retno Sungkowati', 0, 0, '', '', '', '', '', 12, ''),
(1327, 'RIADZAN DINIHARI', 0, 0, '', '', '', '', '', 128, ''),
(1328, 'Rian Adriandi,S.STP,M.Si', 0, 0, '', '', '', '', '', 3, ''),
(1329, 'Ridho Efandi', 0, 0, '', '', '', '', '', 39, ''),
(1330, ' Ridwan ', 0, 0, '', '', '', '', '', 72, ''),
(1331, 'Rifai', 0, 0, '', '', '', '', '', 26, ''),
(1332, 'Rika Ariani, ST', 0, 0, '', '', '', '', '', 28, ''),
(1333, 'Rilla Kurniati Taufiq,  S.Ip', 0, 0, '', '', '', '', '', 33, ''),
(1334, 'Rimayanti S.Sos.', 0, 0, '', '', '', '', '', 19, ''),
(1335, 'Rinawan', 0, 0, '', '', '', '', '', 35, ''),
(1336, 'Robia Rasmana Nopoli', 0, 0, '', '', '', '', '', 1, ''),
(1337, 'ROCHADI', 0, 0, '', '', '', '', '', 145, ''),
(1338, 'ROHANI. SH', 0, 0, '', '', '', '', '', 42, ''),
(1339, 'Romi Karmin', 0, 0, '', '', '', '', '', 65, ''),
(1340, 'Roni Sanjaya', 0, 0, '', '', '', '', '', 138, ''),
(1341, 'Roseana Saragih', 0, 0, '', '', '', '', '', 21, ''),
(1342, 'Rosmin Widiawati, S.IP', 0, 0, '', '', '', '', '', 9, ''),
(1343, 'RR. Sri Soeharwanti, S. Adm', 0, 0, '', '', '', '', '', 25, ''),
(1344, 'RR. WAHYUNINGSIH, SH', 0, 0, '', '', '', '', '', 128, ''),
(1345, 'Rudianto', 0, 0, '', '', '', '', '', 26, ''),
(1346, 'Rudy Herlambang', 0, 0, '', '', '', '', '', 1, ''),
(1347, ' Rumli, S.ST ', 0, 0, '', '', '', '', '', 38, ''),
(1348, 'Rupawan', 0, 0, '', '', '', '', '', 26, ''),
(1349, 'Rusahi', 0, 0, '', '', '', '', '', 26, ''),
(1350, 'Rusdi', 0, 0, '', '', '', '', '', 26, ''),
(1351, 'Rusdi (Babakan Timur)', 0, 0, '', '', '', '', '', 84, ''),
(1352, 'RUSKANDAR', 0, 0, '', '', '', '', '', 59, ''),
(1353, 'Ruslan', 0, 0, '', '', '', '', '', 4, ''),
(1354, 'Ruslan A.S.Sos', 0, 0, '', '', '', '', '', 32, ''),
(1355, 'RUSLI', 0, 0, '', '', '', '', '', 53, ''),
(1356, 'RUSMALADI.SH', 0, 0, '', '', '', '', '', 127, ''),
(1357, 'Rusnadi', 0, 0, '', '', '', '', '', 26, ''),
(1358, 'RUSNAN', 0, 0, '', '', '', '', '', 124, ''),
(1359, 'Rustam Edi', 0, 0, '', '', '', '', '', 36, ''),
(1360, 'S e n a h', 0, 0, '', '', '', '', '', 33, ''),
(1361, 'S u h a r m a n\n\n', 0, 0, '', '', '', '', '', 6, ''),
(1362, 'S U H I R J A N, S.Sos', 0, 0, '', '', '', '', '', 34, ''),
(1363, 'Saat', 0, 0, '', '', '', '', '', 26, ''),
(1364, 'Sabarudin', 0, 0, '', '', '', '', '', 135, ''),
(1365, 'Sabri', 0, 0, '', '', '', '', '', 33, ''),
(1366, 'SABRUN, ST', 0, 0, '', '', '', '', '', 28, ''),
(1367, 'Sadarudin', 0, 0, '', '', '', '', '', 26, ''),
(1368, 'Sadikin', 0, 0, '', '', '', '', '', 26, ''),
(1369, 'Saeful Asri', 0, 0, '', '', '', '', '', 39, ''),
(1370, 'Saeful Bahri', 0, 0, '', '', '', '', '', 6, ''),
(1371, 'SAEPUDIN ZOHRI', 0, 0, '', '', '', '', '', 47, ''),
(1372, 'SAFRUDDIN', 0, 0, '', '', '', '', '', 148, ''),
(1373, 'Safrudin, S.Sos', 0, 0, '', '', '', '', '', 55, ''),
(1374, 'SAHABUDIN', 0, 0, '', '', '', '', '', 28, ''),
(1375, ' Saharudin  ', 0, 0, '', '', '', '', '', 38, ''),
(1376, 'Saharudin (Bertais Selatan)', 0, 0, '', '', '', '', '', 88, ''),
(1377, 'Saharudin (Gegerung Indah)', 0, 0, '', '', '', '', '', 96, ''),
(1378, 'SAHARUDIN,S.Sos', 0, 0, '', '', '', '', '', 47, ''),
(1379, 'Sahdan', 0, 0, '', '', '', '', '', 26, ''),
(1380, 'SAHIDIN', 0, 0, '', '', '', '', '', 124, ''),
(1381, 'Sahirun', 0, 0, '', '', '', '', '', 26, ''),
(1382, 'Sahli', 0, 0, '', '', '', '', '', 26, ''),
(1383, 'SAHNAN', 0, 0, '', '', '', '', '', 124, ''),
(1384, 'Sahne, S.IP', 0, 0, '', '', '', '', '', 24, ''),
(1385, 'SAHNIL', 0, 0, '', '', '', '', '', 42, ''),
(1386, 'SAHRAM', 0, 0, '', '', '', '', '', 53, ''),
(1387, 'Sahran', 0, 0, '', '', '', '', '', 130, ''),
(1388, 'SAHRUN', 0, 0, '', '', '', '', '', 62, ''),
(1389, 'SAIDI', 0, 0, '', '', '', '', '', 54, ''),
(1390, 'Saiful', 0, 0, '', '', '', '', '', 20, ''),
(1391, 'Saiful Bachri', 0, 0, '', '', '', '', '', 134, ''),
(1392, 'SAIPUDIN', 0, 0, '', '', '', '', '', 54, ''),
(1393, 'Saipul Anshori S.Adm', 0, 0, '', '', '', '', '', 32, ''),
(1394, 'Salam raharjo', 0, 0, '', '', '', '', '', 26, ''),
(1395, 'SALEH', 0, 0, '', '', '', '', '', 51, ''),
(1396, 'Salmuh', 0, 0, '', '', '', '', '', 26, ''),
(1397, 'SAMSUDIN', 0, 0, '', '', '', '', '', 53, ''),
(1398, 'Samsul Arifin', 0, 0, '', '', '', '', '', 38, ''),
(1399, 'Samsul Hadi,SH', 0, 0, '', '', '', '', '', 29, ''),
(1400, 'Samsul Irawan, SSTP', 0, 0, '', '', '', '', '', 24, ''),
(1401, 'Sanirah', 0, 0, '', '', '', '', '', 57, ''),
(1402, 'Sanisah (Dsn Cermen Asri)', 0, 0, '', '', '', '', '', 91, ''),
(1403, 'Sanusi', 0, 0, '', '', '', '', '', 26, ''),
(1404, 'Saparudin', 0, 0, '', '', '', '', '', 37, ''),
(1405, 'Saparudin (Kr Parwa)', 0, 0, '', '', '', '', '', 107, ''),
(1406, 'Sapi\'i', 0, 0, '', '', '', '', '', 38, ''),
(1407, 'Sarafudin, S.Pd', 0, 0, '', '', '', '', '', 32, ''),
(1408, 'Sarah Soraya, SE', 0, 0, '', '', '', '', '', 3, ''),
(1409, 'SARHAN, ST', 0, 0, '', '', '', '', '', 28, ''),
(1410, 'SARITA', 0, 0, '', '', '', '', '', 151, ''),
(1411, 'SARUDIN', 0, 0, '', '', '', '', '', 54, ''),
(1412, 'Saruji', 0, 0, '', '', '', '', '', 138, ''),
(1413, 'Sarwanti Herli Utami', 0, 0, '', '', '', '', '', 12, ''),
(1414, 'Sarwo Edy Fikri/Dende Seleh', 0, 0, '', '', '', '', '', 49, ''),
(1415, 'Satria Utama, SP', 0, 0, '', '', '', '', '', 24, ''),
(1416, 'Satriadi', 0, 0, '', '', '', '', '', 26, ''),
(1417, 'Satriawan', 0, 0, '', '', '', '', '', 140, ''),
(1418, 'SATRIYA ', 0, 0, '', '', '', '', '', 151, ''),
(1419, 'Sayuti', 0, 0, '', '', '', '', '', 134, ''),
(1420, 'Sedah', 0, 0, '', '', '', '', '', 26, ''),
(1421, 'SEKLUR', 0, 0, '', '', '', '', '', 46, ''),
(1422, 'SEKRETARIAT DPRD', 0, 0, '', '', '', '', '', 42, ''),
(1423, 'Sekretaris', 0, 0, '', '', '', '', '', 40, ''),
(1424, 'SELAPARANG', 0, 0, '', '', '', '', '', 48, ''),
(1425, 'Sely Fitria Adekayanti', 0, 0, '', '', '', '', '', 19, ''),
(1426, 'Seniwati', 0, 0, '', '', '', '', '', 58, ''),
(1427, 'Setiawati, S.Sos', 0, 0, '', '', '', '', '', 33, ''),
(1428, 'Simon Candra', 0, 0, '', '', '', '', '', 135, ''),
(1429, 'Simplisius Ramu', 0, 0, '', '', '', '', '', 19, ''),
(1430, 'Sinar Komala Sari', 0, 0, '', '', '', '', '', 20, ''),
(1431, 'SINTUNG', 0, 0, '', '', '', '', '', 48, ''),
(1432, 'Sirojudin', 0, 0, '', '', '', '', '', 26, ''),
(1433, ' Sirwan ', 0, 0, '', '', '', '', '', 38, ''),
(1434, ' Siti Haerani  ', 0, 0, '', '', '', '', '', 74, ''),
(1435, 'Siti Halimatussya\'diah, S.Sos (Pengawas Pemerintah Madya)', 0, 0, '', '', '', '', '', 43, ''),
(1436, 'Siti Jannatin Saliha, SP', 0, 0, '', '', '', '', '', 33, ''),
(1437, 'Siti Khadijah', 0, 0, '', '', '', '', '', 17, ''),
(1438, 'Siti Nuraeni, SH', 0, 0, '', '', '', '', '', 41, ''),
(1439, 'Siti Nurhaidah', 0, 0, '', '', '', '', '', 33, ''),
(1440, 'Siti Nurhayati', 0, 0, '', '', '', '', '', 23, ''),
(1441, 'SITI NURJANAH', 0, 0, '', '', '', '', '', 54, ''),
(1442, 'Siti nurlaelawati, SH', 0, 0, '', '', '', '', '', 26, ''),
(1443, 'Siti Ramlah,BA', 0, 0, '', '', '', '', '', 29, ''),
(1444, 'Siti Sumaryani', 0, 0, '', '', '', '', '', 23, ''),
(1445, 'Sofian Arifin, SH', 0, 0, '', '', '', '', '', 32, ''),
(1446, 'Sofiyan Hadi/Bintaro Jaya', 0, 0, '', '', '', '', '', 49, ''),
(1447, 'SOFYAN SALADIN', 0, 0, '', '', '', '', '', 141, ''),
(1448, 'SOHDI ', 0, 0, '', '', '', '', '', 151, ''),
(1449, 'Sohor', 0, 0, '', '', '', '', '', 26, ''),
(1450, 'Solihin', 0, 0, '', '', '', '', '', 50, ''),
(1451, 'SONY BAISTIAN', 0, 0, '', '', '', '', '', 146, ''),
(1452, 'Sony Boy', 0, 0, '', '', '', '', '', 65, ''),
(1453, 'SONYA MARGARETHA, SH', 0, 0, '', '', '', '', '', 141, ''),
(1454, 'Sopiah Hadi', 0, 0, '', '', '', '', '', 134, ''),
(1455, 'Sopian', 0, 0, '', '', '', '', '', 38, ''),
(1456, 'Sri Kamasiah, S.Pd', 0, 0, '', '', '', '', '', 32, ''),
(1457, ' Sri Komala, S.Pt ', 0, 0, '', '', '', '', '', 38, ''),
(1458, 'Sri Lies Hariyani, S.Pd.', 0, 0, '', '', '', '', '', 66, ''),
(1459, 'Sri Marianeni, SPt., MSi.', 0, 0, '', '', '', '', '', 38, ''),
(1460, 'Sri Rauhul Hamidiati (Poskesdes Dasan Agung)', 0, 0, '', '', '', '', '', 14, ''),
(1461, 'Sri Rauhun', 0, 0, '', '', '', '', '', 13, ''),
(1462, 'Sri Sudesni, S.Sos (Pengawas Pemerintah Madya)', 0, 0, '', '', '', '', '', 43, ''),
(1463, 'Sri Suryani', 0, 0, '', '', '', '', '', 9, ''),
(1464, 'Sri Suryawati,SE', 0, 0, '', '', '', '', '', 2, ''),
(1465, 'SRI WAHYUNI', 0, 0, '', '', '', '', '', 145, ''),
(1466, 'Sri Wahyuningsih ,SE,MAk', 0, 0, '', '', '', '', '', 3, ''),
(1467, 'Sri Yuni Andayani', 0, 0, '', '', '', '', '', 2, ''),
(1468, 'Srijaya', 0, 0, '', '', '', '', '', 38, ''),
(1469, 'Suaebatun Islamiah', 0, 0, '', '', '', '', '', 38, ''),
(1470, 'Sub Bagian Umum dan Kepegawaian', 0, 0, '', '', '', '', '', 40, ''),
(1471, ' Subardi ', 0, 0, '', '', '', '', '', 76, ''),
(1472, 'SUBEKTI', 0, 0, '', '', '', '', '', 148, ''),
(1473, 'Sudi', 0, 0, '', '', '', '', '', 75, ''),
(1474, 'SUDIMAN', 0, 0, '', '', '', '', '', 28, ''),
(1475, 'Sudirman', 0, 0, '', '', '', '', '', 25, ''),
(1476, 'Sudirman (Kr Bata Selatan)', 0, 0, '', '', '', '', '', 103, ''),
(1477, 'Sudirman, SE., S. Sos., MM', 0, 0, '', '', '', '', '', 129, ''),
(1478, 'Sugeng Febriyanto', 0, 0, '', '', '', '', '', 32, ''),
(1479, 'Sugiono Hady', 0, 0, '', '', '', '', '', 136, ''),
(1480, 'Suhaemi', 0, 0, '', '', '', '', '', 131, ''),
(1481, 'SUHAERI', 0, 0, '', '', '', '', '', 28, ''),
(1482, 'Suhaili', 0, 0, '', '', '', '', '', 131, ''),
(1483, 'Suhaili A', 0, 0, '', '', '', '', '', 26, ''),
(1484, 'Suhardiyani', 0, 0, '', '', '', '', '', 38, ''),
(1485, 'Suhariani', 0, 0, '', '', '', '', '', 138, ''),
(1486, 'Suharni, Amd.Kep', 0, 0, '', '', '', '', '', 23, ''),
(1487, 'Suhartini', 0, 0, '', '', '', '', '', 26, ''),
(1488, 'SUHERMAN', 0, 0, '', '', '', '', '', 126, ''),
(1489, 'Suherman Hadi', 0, 0, '', '', '', '', '', 26, ''),
(1490, 'Suherman/Bugis', 0, 0, '', '', '', '', '', 49, ''),
(1491, 'Suherudin (D Cermen Barat)', 0, 0, '', '', '', '', '', 92, ''),
(1492, 'SUKARAJA BARAT', 0, 0, '', '', '', '', '', 46, ''),
(1493, 'SUKARAJA PERLUASAN', 0, 0, '', '', '', '', '', 46, ''),
(1494, 'SUKARAJA TIMUR ', 0, 0, '', '', '', '', '', 46, ''),
(1495, 'SUKARAJA TIMUR MUJ.', 0, 0, '', '', '', '', '', 46, ''),
(1496, 'Sukariadi', 0, 0, '', '', '', '', '', 30, ''),
(1497, 'Sukri', 0, 0, '', '', '', '', '', 26, ''),
(1498, 'Sukriah', 0, 0, '', '', '', '', '', 20, ''),
(1499, 'SULAEMAN', 0, 0, '', '', '', '', '', 53, ''),
(1500, 'Sultan Taqdir Ali Asgar', 0, 0, '', '', '', '', '', 18, ''),
(1501, 'SUMARLIN', 0, 0, '', '', '', '', '', 141, ''),
(1502, 'SUMIATY, SIP', 0, 0, '', '', '', '', '', 28, ''),
(1503, 'Sumiwati', 0, 0, '', '', '', '', '', 132, ''),
(1504, 'Sunardi', 0, 0, '', '', '', '', '', 26, ''),
(1505, 'Sunardi, SH', 0, 0, '', '', '', '', '', 138, ''),
(1506, 'SUPARDI', 0, 0, '', '', '', '', '', 52, ''),
(1507, 'Supardi (Babakan Kebon)', 0, 0, '', '', '', '', '', 81, ''),
(1508, 'Supardi,S,Sos,Mph', 0, 0, '', '', '', '', '', 140, ''),
(1509, 'Supardi,S.Sos,Mph', 0, 0, '', '', '', '', '', 140, ''),
(1510, 'Suparman', 0, 0, '', '', '', '', '', 26, ''),
(1511, 'SUPARMAN EFENDI', 0, 0, '', '', '', '', '', 53, ''),
(1512, 'SUPIR ANDI TOHA', 0, 0, '', '', '', '', '', 142, ''),
(1513, 'SUPIR JUMAEDI', 0, 0, '', '', '', '', '', 142, ''),
(1514, 'SUPIR NENGAH', 0, 0, '', '', '', '', '', 142, ''),
(1515, 'SUPIR ZOHRI', 0, 0, '', '', '', '', '', 142, ''),
(1516, 'Suprianto', 0, 0, '', '', '', '', '', 31, ''),
(1517, 'Suprianto, S. Sos', 0, 0, '', '', '', '', '', 136, ''),
(1518, 'Suratni', 0, 0, '', '', '', '', '', 15, ''),
(1519, 'Suriani', 0, 0, '', '', '', '', '', 38, ''),
(1520, 'Suriati Yusuf, S.Pd', 0, 0, '', '', '', '', '', 32, ''),
(1521, 'SURYADI', 0, 0, '', '', '', '', '', 128, ''),
(1522, 'Susanto SC, SH', 0, 0, '', '', '', '', '', 35, ''),
(1523, 'SUTARSIH', 0, 0, '', '', '', '', '', 124, ''),
(1524, 'Sutihat', 0, 0, '', '', '', '', '', 14, ''),
(1525, 'Sutrisno ', 0, 0, '', '', '', '', '', 63, ''),
(1526, 'SUTRISNO, S.Sos', 0, 0, '', '', '', '', '', 141, ''),
(1527, 'Suwardi', 0, 0, '', '', '', '', '', 130, ''),
(1528, 'Suwondo, S. Sos', 0, 0, '', '', '', '', '', 61, ''),
(1529, 'Swadi Tumbalbaya', 0, 0, '', '', '', '', '', 26, ''),
(1530, 'SWANDA', 0, 0, '', '', '', '', '', 56, ''),
(1531, 'Swardi Idris', 0, 0, '', '', '', '', '', 26, ''),
(1532, 'Swastiko, A.Md', 0, 0, '', '', '', '', '', 32, ''),
(1533, ' Sweta Arif ', 0, 0, '', '', '', '', '', 69, ''),
(1534, 'Syaefuddin S.', 0, 0, '', '', '', '', '', 69, ''),
(1535, 'Syafrudin', 0, 0, '', '', '', '', '', 32, ''),
(1536, 'SYAHBANDI ALWI', 0, 0, '', '', '', '', '', 51, ''),
(1537, 'Syahdan', 0, 0, '', '', '', '', '', 67, ''),
(1538, 'Syahema Indari, S.Sos', 0, 0, '', '', '', '', '', 34, ''),
(1539, 'Syahida Yuliana, S.St.Pi                                        ', 0, 0, '', '', '', '', '', 38, ''),
(1540, 'Syahwan', 0, 0, '', '', '', '', '', 29, ''),
(1541, 'SYAIFUDIN', 0, 0, '', '', '', '', '', 127, ''),
(1542, 'Syaiful Annas, SH.', 0, 0, '', '', '', '', '', 73, ''),
(1543, 'SYAMSUDI, S.Adm.', 0, 0, '', '', '', '', '', 128, ''),
(1544, ' Syamsudin ', 0, 0, '', '', '', '', '', 72, ''),
(1545, 'Syanic Handayani, S.STP.', 0, 0, '', '', '', '', '', 66, ''),
(1546, 'Syarafuddin', 0, 0, '', '', '', '', '', 20, ''),
(1547, 'Syarifa Farida Armala, S.IP', 0, 0, '', '', '', '', '', 5, ''),
(1548, 'Syarkawi', 0, 0, '', '', '', '', '', 70, ''),
(1549, 'Tahzib', 0, 0, '', '', '', '', '', 26, ''),
(1550, 'Taniri', 0, 0, '', '', '', '', '', 26, ''),
(1551, 'Taslan (Babakan Sayo)', 0, 0, '', '', '', '', '', 83, ''),
(1552, 'Taufik Priyono, S.Sos', 0, 0, '', '', '', '', '', 1, ''),
(1553, 'Taufikurrahman', 0, 0, '', '', '', '', '', 39, ''),
(1554, 'Taufiq/Pondok Prasi', 0, 0, '', '', '', '', '', 49, ''),
(1555, 'TAUFIQURRAHMAN, ST', 0, 0, '', '', '', '', '', 28, ''),
(1556, 'Taupan', 0, 0, '', '', '', '', '', 74, ''),
(1557, 'TEMPIT', 0, 0, '', '', '', '', '', 46, ''),
(1558, 'TERCATAT BKD', 0, 0, '', '', '', '', '', 142, ''),
(1559, 'TERCATAT DP3A', 0, 0, '', '', '', '', '', 151, ''),
(1560, 'Tereja Dacosta', 0, 0, '', '', '', '', '', 33, ''),
(1561, 'Theodora  Junita H., SP', 0, 0, '', '', '', '', '', 38, ''),
(1562, 'TITIK SUZANA', 0, 0, '', '', '', '', '', 54, ''),
(1563, 'Tjatur Toto Hardiyanto, S.Adm', 0, 0, '', '', '', '', '', 32, ''),
(1564, 'Topan', 0, 0, '', '', '', '', '', 65, ''),
(1565, 'Tople Ernawati', 0, 0, '', '', '', '', '', 18, ''),
(1566, 'Tri Kristanto', 0, 0, '', '', '', '', '', 35, ''),
(1567, 'Tri Prasetyaningsih', 0, 0, '', '', '', '', '', 12, ''),
(1568, ' Tri Utami, SP,MM ', 0, 0, '', '', '', '', '', 38, ''),
(1569, 'Trisnawati, SKM', 0, 0, '', '', '', '', '', 12, ''),
(1570, 'Triyan Hartadi', 0, 0, '', '', '', '', '', 12, ''),
(1571, 'Turmuzi', 0, 0, '', '', '', '', '', 17, ''),
(1572, 'Umar Dani, S.Sos.\n\n', 0, 0, '', '', '', '', '', 6, ''),
(1573, 'Umar,STP,MM', 0, 0, '', '', '', '', '', 38, ''),
(1574, 'Umy Aiziatin, S.Sos', 0, 0, '', '', '', '', '', 32, ''),
(1575, 'USMAN', 0, 0, '', '', '', '', '', 127, ''),
(1576, 'Utma Askandaria, SE', 0, 0, '', '', '', '', '', 33, ''),
(1577, 'Van arsen Wijaya', 0, 0, '', '', '', '', '', 26, ''),
(1578, 'Vidi Partisan Y.G Jaya,SSTP', 0, 0, '', '', '', '', '', 29, ''),
(1579, 'Vira Rusnita Vitriani, S.Adm', 0, 0, '', '', '', '', '', 35, ''),
(1580, 'Vivy Fauziah, SH', 0, 0, '', '', '', '', '', 9, ''),
(1581, 'Wahab', 0, 0, '', '', '', '', '', 136, ''),
(1582, 'Wahyu Rahminanto. SH', 0, 0, '', '', '', '', '', 31, ''),
(1583, 'WAKIL WALI KT', 0, 0, '', '', '', '', '', 151, ''),
(1584, 'WALI KOTA', 0, 0, '', '', '', '', '', 142, ''),
(1585, 'Waqi’ah, SE', 0, 0, '', '', '', '', '', 3, ''),
(1586, 'WASIAH', 0, 0, '', '', '', '', '', 45, ''),
(1587, 'WAWAN ', 0, 0, '', '', '', '', '', 151, ''),
(1588, 'WAWAN BAGIAN UMUM', 0, 0, '', '', '', '', '', 148, ''),
(1589, 'Wayan Grihasta', 0, 0, '', '', '', '', '', 58, ''),
(1590, 'WAYAN MAS BAYU, ST', 0, 0, '', '', '', '', '', 28, ''),
(1591, 'Wayan Satra', 0, 0, '', '', '', '', '', 74, ''),
(1592, 'Wayan Suryana', 0, 0, '', '', '', '', '', 76, ''),
(1593, 'WDP. Listianingsih, SH.', 0, 0, '', '', '', '', '', 66, ''),
(1594, 'Widiawati, ST, MIL', 0, 0, '', '', '', '', '', 26, ''),
(1595, 'Widodo Ari BU, SE', 0, 0, '', '', '', '', '', 32, ''),
(1596, 'Widodo Budiharjo', 0, 0, '', '', '', '', '', 3, ''),
(1597, 'Widodo Putra, S.Adm', 0, 0, '', '', '', '', '', 7, ''),
(1598, 'Wirahadi Kusuma, S. Adm', 0, 0, '', '', '', '', '', 9, ''),
(1599, 'Wirahadi,ST', 0, 0, '', '', '', '', '', 3, ''),
(1600, 'Wiwid Widiarta', 0, 0, '', '', '', '', '', 26, ''),
(1601, 'Wiwik Susanti, S. Pi', 0, 0, '', '', '', '', '', 36, ''),
(1602, 'Yadi Oktobillah,SH', 0, 0, '', '', '', '', '', 35, ''),
(1603, 'Yang Sini.ST', 0, 0, '', '', '', '', '', 34, ''),
(1604, 'Yasir Sah Salasa', 0, 0, '', '', '', '', '', 132, ''),
(1605, 'Yatik Komala Sari', 0, 0, '', '', '', '', '', 20, ''),
(1606, 'Yek Zohaidi', 0, 0, '', '', '', '', '', 26, ''),
(1607, 'Yentty Felina Irmayani wijaya, SPt', 0, 0, '', '', '', '', '', 24, ''),
(1608, 'Yon Iqbal Muhamad', 0, 0, '', '', '', '', '', 137, ''),
(1609, 'Yuana Fidia, SKM', 0, 0, '', '', '', '', '', 12, ''),
(1610, ' Yuanita Ari Astuti, S.Pt ', 0, 0, '', '', '', '', '', 38, ''),
(1611, 'Yudhi Eka Putra, S.Pt', 0, 0, '', '', '', '', '', 38, ''),
(1612, 'Yudi Prasetio, SP', 0, 0, '', '', '', '', '', 24, ''),
(1613, 'Yuli Adhika Rini,SP.M.Si', 0, 0, '', '', '', '', '', 31, ''),
(1614, 'Yuli Fitriani', 0, 0, '', '', '', '', '', 23, ''),
(1615, 'Yulian Hadi Iskandar,SE', 0, 0, '', '', '', '', '', 3, ''),
(1616, 'Yulianti Silviana', 0, 0, '', '', '', '', '', 21, ''),
(1617, 'Yuliati, SE', 0, 0, '', '', '', '', '', 26, ''),
(1618, 'Yuliatini', 0, 0, '', '', '', '', '', 38, ''),
(1619, 'Yulinda Ramadlan, ST.', 0, 0, '', '', '', '', '', 37, ''),
(1620, 'Yuni Ardini', 0, 0, '', '', '', '', '', 16, ''),
(1621, 'Yuni Hardini', 0, 0, '', '', '', '', '', 12, ''),
(1622, 'YUNIA ARINI', 0, 0, '', '', '', '', '', 143, ''),
(1623, 'Yusuf', 0, 0, '', '', '', '', '', 35, ''),
(1624, 'Yusuf Hidayat Sahidin, SIP', 0, 0, '', '', '', '', '', 35, ''),
(1625, 'Yusuf S.Pd', 0, 0, '', '', '', '', '', 32, ''),
(1626, 'Zaenal Abidin', 0, 0, '', '', '', '', '', 132, ''),
(1627, 'Zaenal Aripin, S Adm', 0, 0, '', '', '', '', '', 31, ''),
(1628, 'Zaenal Rahmat', 0, 0, '', '', '', '', '', 38, ''),
(1629, 'Zaenuddin', 0, 0, '', '', '', '', '', 38, ''),
(1630, 'Zaenudin', 0, 0, '', '', '', '', '', 26, ''),
(1631, 'Zahera, SIP', 0, 0, '', '', '', '', '', 5, ''),
(1632, 'Zainabun Hidayah, SE. (Pengawas Pemerintah Madya )', 0, 0, '', '', '', '', '', 43, ''),
(1633, 'Zainal Abidin', 0, 0, '', '', '', '', '', 132, ''),
(1634, 'Zaini', 0, 0, '', '', '', '', '', 132, ''),
(1635, 'Zainuddin', 0, 0, '', '', '', '', '', 3, ''),
(1636, 'Zainudin, SE', 0, 0, '', '', '', '', '', 25, ''),
(1637, 'ZALAYADI', 0, 0, '', '', '', '', '', 125, ''),
(1638, 'ZARKASYIE,SE,MM', 0, 0, '', '', '', '', '', 44, ''),
(1639, 'ZAYID', 0, 0, '', '', '', '', '', 140, ''),
(1640, 'Zikrul Hakim, SE', 0, 0, '', '', '', '', '', 24, ''),
(1641, 'ZOHRI ', 0, 0, '', '', '', '', '', 151, ''),
(1642, 'Zohri Amsyah.\n\n', 0, 0, '', '', '', '', '', 6, ''),
(1643, ' Zulaeha, SP ', 0, 0, '', '', '', '', '', 38, ''),
(1644, 'Zulchaidir, SE', 0, 0, '', '', '', '', '', 41, ''),
(1645, 'Zulfikri', 0, 0, '', '', '', '', '', 35, ''),
(1646, ' Zulhamdi ', 0, 0, '', '', '', '', '', 69, ''),
(1647, 'Zulkarnaen', 0, 0, '', '', '', '', '', 136, ''),
(1648, ' Zulkarnain, SP ', 0, 0, '', '', '', '', '', 38, ''),
(1649, 'Zulkarwin, S.STP', 0, 0, '', '', '', '', '', 35, ''),
(1650, 'Zulkifli', 0, 0, '', '', '', '', '', 26, ''),
(1651, 'Zulkifli (Bendahara)', 0, 0, '', '', '', '', '', 43, ''),
(1652, 'Zulmi Hamdani', 0, 0, '', '', '', '', '', 1, ''),
(1653, 'nama_pemegang', 0, 0, '', 'email', 'jabatan', 'alamat', 'no_telp', 0, 'namafile'),
(1654, 'Drs. I Nyoman Suwandiasa, M.H', 0, 0, 'Laki-laki', '-', '-', '-', '-', 5, ''),
(1655, 'Hasanudin, S.T., M.M', 0, 0, 'Laki-laki', '-', '-', '-', '-', 5, ''),
(1656, 'Romi Karmin, S.H', 0, 0, 'Laki-laki', '-', '-', '-', '-', 5, ''),
(1657, 'Syainic Handayani, SSTP', 0, 0, 'Laki-laki', '-', '-', '-', '-', 5, '');
INSERT INTO `pemegang` (`id_pemegang`, `nama_pemegang`, `nip_pemegang`, `golongan_id`, `jenis_kelamin`, `email`, `jabatan`, `alamat`, `no_telp`, `instansi_id`, `namafile`) VALUES
(1658, 'Syainic Handayani, SSTP', 0, 0, 'Laki-laki', '-', '-', '-', '-', 5, ''),
(1659, 'Kepala Bidang Inovasi', 0, 0, 'Laki-laki', '-', '-', '-', '-', 5, ''),
(1660, 'IGBN. Bayu Cahyadi P., S.Adm', 0, 0, 'Laki-laki', '-', '-', '-', '-', 5, ''),
(1661, 'Syarifa Farida Armala, S.IP', 0, 0, 'Laki-laki', '-', '-', '-', '-', 5, ''),
(1662, 'Ashari Pranatha, S.E.Ak', 0, 0, 'Laki-laki', '-', '-', '-', '-', 5, ''),
(1663, 'Haryanti, S.E', 0, 0, 'Laki-laki', '-', '-', '-', '-', 5, ''),
(1664, 'Widiawati, S.T., MIL', 0, 0, 'Laki-laki', '-', '-', '-', '-', 5, ''),
(1665, 'Kasubbag. Umum dan kepegawaian', 0, 0, 'Laki-laki', '-', '-', '-', '-', 5, ''),
(1666, 'M. Erwin Wiryadi', 0, 0, 'Laki-laki', '-', '-', '-', '-', 5, ''),
(1667, 'Hasanudin, S.T., M.M', 0, 0, 'Laki-laki', '-', '-', '-', '-', 5, ''),
(1668, 'Nurul Hasni, S.E', 0, 0, 'Laki-laki', '-', '-', '-', '-', 5, ''),
(1669, 'Drs. I Nyoman Suwandiasa, M.H', 0, 0, 'Laki-laki', '-', '-', '-', '-', 5, ''),
(1670, 'Multazam', 0, 0, 'Laki-laki', '-', '-', '-', '-', 5, '');

-- --------------------------------------------------------

--
-- Table structure for table `perawatan`
--

CREATE TABLE `perawatan` (
  `id_perawatan` int(11) NOT NULL,
  `kendaraan_id` int(11) NOT NULL,
  `tanggal` date NOT NULL,
  `rekanan` varchar(100) NOT NULL,
  `bbm_id` int(11) NOT NULL,
  `jumlah_liter` int(11) NOT NULL,
  `jumlah_kilometer` int(11) NOT NULL,
  `total_biaya` bigint(20) NOT NULL,
  `keterangan` text NOT NULL,
  `lampiran` varchar(225) NOT NULL,
  `instansi_id` int(11) NOT NULL
) ENGINE=InnoDB DEFAULT CHARSET=latin1 COLLATE=latin1_swedish_ci ROW_FORMAT=DYNAMIC;

-- --------------------------------------------------------

--
-- Table structure for table `riwayat_pajak`
--

CREATE TABLE `riwayat_pajak` (
  `id_pajak` int(11) NOT NULL,
  `kendaraan_id` int(11) NOT NULL,
  `tanggal_bayar` date NOT NULL,
  `tanggal_expired` date NOT NULL,
  `instansi_id` int(11) NOT NULL
) ENGINE=InnoDB DEFAULT CHARSET=latin1 COLLATE=latin1_swedish_ci ROW_FORMAT=DYNAMIC;

-- --------------------------------------------------------

--
-- Table structure for table `session`
--

CREATE TABLE `session` (
  `id` char(40) NOT NULL,
  `expire` int(11) NOT NULL,
  `data` longblob NOT NULL
) ENGINE=InnoDB DEFAULT CHARSET=latin1 COLLATE=latin1_swedish_ci ROW_FORMAT=DYNAMIC;

--
-- Dumping data for table `session`
--

INSERT INTO `session` (`id`, `expire`, `data`) VALUES
('hobrsipeetds94e1chh0h1r82t', 1782289503, 0x5f5f666c6173687c613a303a7b7d),
('hobrsipeetds94e1chh0h1r82t', 1782289503, 0x5f5f666c6173687c613a303a7b7d5f5f69647c693a313b),
('hobrsipeetds94e1chh0h1r82t', 1782289503, 0x5f5f666c6173687c613a303a7b7d),
('hobrsipeetds94e1chh0h1r82t', 1782289503, 0x5f5f666c6173687c613a303a7b7d5f5f69647c693a313b),
('hobrsipeetds94e1chh0h1r82t', 1782289506, 0x5f5f666c6173687c613a303a7b7d),
('hobrsipeetds94e1chh0h1r82t', 1782289506, 0x5f5f666c6173687c613a303a7b7d5f5f69647c693a313b),
('hobrsipeetds94e1chh0h1r82t', 1782289506, 0x5f5f666c6173687c613a303a7b7d),
('hobrsipeetds94e1chh0h1r82t', 1782289506, 0x5f5f666c6173687c613a303a7b7d5f5f69647c693a313b),
('hobrsipeetds94e1chh0h1r82t', 1782289506, 0x5f5f666c6173687c613a303a7b7d),
('hobrsipeetds94e1chh0h1r82t', 1782289507, 0x5f5f666c6173687c613a303a7b7d5f5f69647c693a313b),
('hobrsipeetds94e1chh0h1r82t', 1782289507, 0x5f5f666c6173687c613a303a7b7d),
('hobrsipeetds94e1chh0h1r82t', 1782289507, 0x5f5f666c6173687c613a303a7b7d5f5f69647c693a313b),
('hobrsipeetds94e1chh0h1r82t', 1782289509, 0x5f5f666c6173687c613a303a7b7d),
('hobrsipeetds94e1chh0h1r82t', 1782289509, 0x5f5f666c6173687c613a303a7b7d5f5f69647c693a313b),
('hobrsipeetds94e1chh0h1r82t', 1782289509, 0x5f5f666c6173687c613a303a7b7d),
('hobrsipeetds94e1chh0h1r82t', 1782289509, 0x5f5f666c6173687c613a303a7b7d5f5f69647c693a313b),
('hobrsipeetds94e1chh0h1r82t', 1782289510, 0x5f5f666c6173687c613a303a7b7d),
('hobrsipeetds94e1chh0h1r82t', 1782289510, 0x5f5f666c6173687c613a303a7b7d5f5f69647c693a313b),
('hobrsipeetds94e1chh0h1r82t', 1782289510, 0x5f5f666c6173687c613a303a7b7d),
('hobrsipeetds94e1chh0h1r82t', 1782289511, 0x5f5f666c6173687c613a303a7b7d5f5f69647c693a313b),
('hobrsipeetds94e1chh0h1r82t', 1782289511, 0x5f5f666c6173687c613a303a7b7d),
('hobrsipeetds94e1chh0h1r82t', 1782289512, 0x5f5f666c6173687c613a303a7b7d5f5f69647c693a313b),
('hobrsipeetds94e1chh0h1r82t', 1782289512, 0x5f5f666c6173687c613a303a7b7d),
('hobrsipeetds94e1chh0h1r82t', 1782289512, 0x5f5f666c6173687c613a303a7b7d5f5f69647c693a313b),
('hobrsipeetds94e1chh0h1r82t', 1782289512, 0x5f5f666c6173687c613a303a7b7d),
('hobrsipeetds94e1chh0h1r82t', 1782289513, 0x5f5f666c6173687c613a303a7b7d5f5f69647c693a313b),
('hobrsipeetds94e1chh0h1r82t', 1782289513, 0x5f5f666c6173687c613a303a7b7d),
('hobrsipeetds94e1chh0h1r82t', 1782289513, 0x5f5f666c6173687c613a303a7b7d5f5f69647c693a313b),
('hobrsipeetds94e1chh0h1r82t', 1782289513, 0x5f5f666c6173687c613a303a7b7d),
('hobrsipeetds94e1chh0h1r82t', 1782289514, 0x5f5f666c6173687c613a303a7b7d5f5f69647c693a313b),
('hobrsipeetds94e1chh0h1r82t', 1782289514, 0x5f5f666c6173687c613a303a7b7d),
('hobrsipeetds94e1chh0h1r82t', 1782289514, 0x5f5f666c6173687c613a303a7b7d5f5f69647c693a313b),
('hobrsipeetds94e1chh0h1r82t', 1782289515, 0x5f5f666c6173687c613a303a7b7d),
('hobrsipeetds94e1chh0h1r82t', 1782289515, 0x5f5f666c6173687c613a303a7b7d5f5f69647c693a313b),
('hobrsipeetds94e1chh0h1r82t', 1782289515, 0x5f5f666c6173687c613a303a7b7d),
('hobrsipeetds94e1chh0h1r82t', 1782289515, 0x5f5f666c6173687c613a303a7b7d5f5f69647c693a313b),
('hobrsipeetds94e1chh0h1r82t', 1782289517, 0x5f5f666c6173687c613a303a7b7d),
('hobrsipeetds94e1chh0h1r82t', 1782289518, 0x5f5f666c6173687c613a303a7b7d5f5f69647c693a313b),
('hobrsipeetds94e1chh0h1r82t', 1782289518, 0x5f5f666c6173687c613a303a7b7d),
('hobrsipeetds94e1chh0h1r82t', 1782289518, 0x5f5f666c6173687c613a303a7b7d5f5f69647c693a313b),
('hobrsipeetds94e1chh0h1r82t', 1782289518, 0x5f5f666c6173687c613a303a7b7d),
('hobrsipeetds94e1chh0h1r82t', 1782289518, 0x5f5f666c6173687c613a303a7b7d5f5f69647c693a313b),
('hobrsipeetds94e1chh0h1r82t', 1782289518, 0x5f5f666c6173687c613a303a7b7d),
('hobrsipeetds94e1chh0h1r82t', 1782289518, 0x5f5f666c6173687c613a303a7b7d5f5f69647c693a313b),
('hobrsipeetds94e1chh0h1r82t', 1782289519, 0x5f5f666c6173687c613a303a7b7d),
('hobrsipeetds94e1chh0h1r82t', 1782289519, 0x5f5f666c6173687c613a303a7b7d5f5f69647c693a313b),
('hobrsipeetds94e1chh0h1r82t', 1782289520, 0x5f5f666c6173687c613a303a7b7d),
('hobrsipeetds94e1chh0h1r82t', 1782289520, 0x5f5f666c6173687c613a303a7b7d5f5f69647c693a313b),
('hobrsipeetds94e1chh0h1r82t', 1782289531, 0x5f5f666c6173687c613a303a7b7d),
('hobrsipeetds94e1chh0h1r82t', 1782289531, 0x5f5f666c6173687c613a303a7b7d5f5f69647c693a313b),
('hobrsipeetds94e1chh0h1r82t', 1782289531, 0x5f5f666c6173687c613a303a7b7d),
('hobrsipeetds94e1chh0h1r82t', 1782289532, 0x5f5f666c6173687c613a303a7b7d5f5f69647c693a313b),
('hobrsipeetds94e1chh0h1r82t', 1782289534, 0x5f5f666c6173687c613a303a7b7d),
('hobrsipeetds94e1chh0h1r82t', 1782289534, 0x5f5f666c6173687c613a303a7b7d5f5f69647c693a313b),
('hobrsipeetds94e1chh0h1r82t', 1782289534, 0x5f5f666c6173687c613a303a7b7d),
('hobrsipeetds94e1chh0h1r82t', 1782289534, 0x5f5f666c6173687c613a303a7b7d5f5f69647c693a313b),
('hobrsipeetds94e1chh0h1r82t', 1782289537, 0x5f5f666c6173687c613a303a7b7d),
('hobrsipeetds94e1chh0h1r82t', 1782289537, 0x5f5f666c6173687c613a303a7b7d5f5f69647c693a313b),
('hobrsipeetds94e1chh0h1r82t', 1782289537, 0x5f5f666c6173687c613a303a7b7d),
('hobrsipeetds94e1chh0h1r82t', 1782289537, 0x5f5f666c6173687c613a303a7b7d5f5f69647c693a313b),
('hobrsipeetds94e1chh0h1r82t', 1782289540, 0x5f5f666c6173687c613a303a7b7d),
('hobrsipeetds94e1chh0h1r82t', 1782289540, 0x5f5f666c6173687c613a303a7b7d5f5f69647c693a313b),
('hobrsipeetds94e1chh0h1r82t', 1782289540, 0x5f5f666c6173687c613a303a7b7d),
('hobrsipeetds94e1chh0h1r82t', 1782289540, 0x5f5f666c6173687c613a303a7b7d5f5f69647c693a313b),
('hobrsipeetds94e1chh0h1r82t', 1782289550, 0x5f5f666c6173687c613a303a7b7d),
('hobrsipeetds94e1chh0h1r82t', 1782289551, 0x5f5f666c6173687c613a303a7b7d5f5f69647c693a313b),
('hobrsipeetds94e1chh0h1r82t', 1782289551, 0x5f5f666c6173687c613a303a7b7d),
('hobrsipeetds94e1chh0h1r82t', 1782289551, 0x5f5f666c6173687c613a303a7b7d5f5f69647c693a313b);

-- --------------------------------------------------------

--
-- Table structure for table `type`
--

CREATE TABLE `type` (
  `id_type` int(11) NOT NULL,
  `jenis_id` int(11) NOT NULL,
  `merk_id` int(11) NOT NULL,
  `nama_type` varchar(100) NOT NULL
) ENGINE=InnoDB DEFAULT CHARSET=latin1 COLLATE=latin1_swedish_ci ROW_FORMAT=DYNAMIC;

--
-- Dumping data for table `type`
--

INSERT INTO `type` (`id_type`, `jenis_id`, `merk_id`, `nama_type`) VALUES
(1, 2, 25, ' YAMAHA'),
(2, 1, 22, 'ALTIS / TOYOTA'),
(3, 2, 13, 'AN 130 B Kawasaki'),
(4, 2, 13, 'AN 130 B Kawasaki '),
(5, 2, 13, 'AN 130 B Kawasaki  '),
(6, 3, 15, 'APP KTM'),
(7, 3, 15, 'APP KTM (Gajah) '),
(8, 3, 15, 'APP KTM (Gajah)     '),
(9, 3, 15, 'APP KTM/(002)  TM150 ZH M/T'),
(10, 1, 28, 'APV'),
(11, 1, 22, 'Avanza'),
(12, 1, 22, 'Avanza / Tpe S'),
(13, 1, 22, 'AVANZA TOYOTA'),
(14, 3, 1, 'Azzabu Standar'),
(15, 1, 28, 'CARRY ST130 FUTURA SUZUKI'),
(16, 1, 2, 'CHEVEROLET/(137) ORLANDO LT 1.8 LAT'),
(17, 1, 2, 'Chevrolet Spin 1,5 LS'),
(18, 1, 3, 'Daihatsu'),
(19, 1, 3, 'Daihatsu / Pick Up Zebra'),
(20, 1, 3, 'DAIHATSU /(333) F651RV-GMDFJ(4X2)M.T'),
(21, 1, 3, 'Daihatsu Luxio'),
(22, 1, 3, 'Daihatsu Pick Up'),
(23, 1, 3, 'DAIHATSU S402RP'),
(24, 1, 3, 'Daihatsu Taruna'),
(25, 1, 3, 'DAIHATSU XENIA'),
(26, 1, 3, 'Daihatsu Zebra'),
(27, 1, 3, 'DAIHATSU ZEBRA S91 ESPASS'),
(28, 1, 3, 'DAIHATSU/ (356) XENIA 1.3 RMTF653RVGMDFC'),
(29, 1, 3, 'DAIHATSU/(090) NEO ZEBRA ZSX 7'),
(30, 1, 3, 'DAIHATSU/(356) XENIA 1.3 RMTF653RVGMDFJ'),
(31, 1, 3, 'Daihatsu/Blind Van'),
(32, 1, 3, 'Daihatsu/Luxio'),
(33, 1, 3, 'Daihatsu/Pick UP'),
(34, 1, 3, 'Daihatsu/Terios'),
(35, 1, 3, 'DAIHATSU/XENIA'),
(36, 1, 3, 'Daihatsu/Zebra'),
(37, 1, 11, 'DUMP TRUCK ISUZU/ NKR 71 HDE2'),
(38, 5, 4, 'DUTRO 130 HD'),
(39, 1, 3, 'Espass'),
(40, 5, 30, 'Exavator 320 D'),
(41, 5, 30, 'Exavator D-6'),
(42, 1, 5, 'Ford Ranger / RDC BAS 2,5 L 4X MT (Pick Up Cabin)'),
(43, 1, 22, 'FORTUNER / TOYOTA ALL NEW'),
(44, 1, 3, 'Grandmax '),
(45, 1, 3, 'Grandmax Pick up'),
(46, 2, 32, 'Handa Supra X'),
(50, 3, 6, '002 HP 125-B'),
(58, 5, 34, 'HINO /  300 Dutro 130 HD 6.8 P'),
(59, 5, 34, 'HINO / Dump Truck On The Road Hino 300 Dutro 130 HD 6.8 P'),
(60, 5, 30, 'Hino / FL 235JW(6x2) Fire Truk Lader'),
(61, 1, 7, 'Hino/Truck Pemadam (Diesel)'),
(62, 5, 34, 'HINO/WU342R-HKMTJD3'),
(63, 2, 32, 'Honda'),
(64, 2, 32, 'Honda '),
(65, 2, 32, 'HONDA  / SUPRA X NF 125 TD'),
(66, 1, 9, 'Honda  HR-V RU1 1,5 S MT CKD'),
(67, 2, 32, 'Honda  NF125TD'),
(68, 2, 32, 'HONDA  VARIO CW'),
(69, 2, 32, 'HONDA (304) NF125TRF'),
(70, 2, 32, 'HONDA (687) NC12AF2CBI A/T'),
(71, 2, 32, 'HONDA (756) E1F02N12M2 A/T'),
(72, 2, 32, 'HONDA (REVO)'),
(73, 2, 32, 'HONDA (VARIO)'),
(74, 1, 9, 'HONDA / (396) HR-V RU1 1.5 S MT CKD'),
(75, 2, 32, 'Honda / AFX12U21 C07 M/T'),
(76, 2, 32, 'Honda / ASTREA C 100/CLUB/NF 100 CUB'),
(77, 2, 32, 'Honda / ASTREA C 100/CLUB/NF100 CUB'),
(78, 2, 32, 'Honda / Astrea C 100/CLUBNF100CUB'),
(79, 2, 32, 'Honda / Astrea C100/CLUB/NF100CUB'),
(80, 2, 32, 'HONDA / ASTREA C100/NF100CUB'),
(81, 2, 32, 'Honda / Astrea Star'),
(82, 2, 32, 'HONDA / BEAT - NC11B3C A/T'),
(83, 2, 32, 'Honda / Beat FI Sporty CW'),
(84, 2, 32, 'Honda / C 100 ML'),
(85, 1, 9, 'Honda / CR-V REI 2WD 2.0'),
(86, 2, 32, 'HONDA / E1F02N12M2 A/T'),
(87, 2, 32, 'Honda / E1F02N12M2A/T'),
(88, 2, 32, 'HONDA / FS8 NC 12A CB A/T PLUS'),
(89, 2, 32, 'HONDA / FS8 NC 12A I CB A /T PLUS'),
(90, 2, 32, 'Honda / FS8 NC 12A1CB A/T Plus'),
(91, 2, 32, 'Honda / FS8 NC 12A1CB A/T/ Plus'),
(92, 2, 32, 'HONDA / FS8 NC 12AICB A/T PLUS'),
(93, 2, 32, 'Honda / Honda NF 100 TD'),
(94, 2, 32, 'Honda / Honda NF 125 D'),
(95, 1, 9, 'Honda / HRV'),
(96, 1, 9, 'Honda / HRV RUI1.5.S CVT CKD'),
(97, 2, 32, 'HONDA / K1H02N14LO A/T'),
(98, 2, 32, 'Honda / MCB WIN'),
(99, 2, 32, 'Honda / MCB/WIN'),
(100, 1, 9, 'Honda / Mobilio'),
(101, 1, 9, 'HONDA / MOBILIO DD4.1,5 S.MT.CK'),
(102, 1, 9, 'HONDA / MOBILIO MP/MINIBUS'),
(103, 2, 32, 'Honda / Motor Supra X'),
(104, 2, 32, 'Honda / NC 110 D CW AT ( Vario)'),
(105, 2, 32, 'Honda / NC 12A1CB A/T'),
(106, 2, 32, 'HONDA / NC11OA1CA/T (VARIO)'),
(107, 2, 32, 'Honda / New Supra X 125- D NF'),
(108, 2, 32, 'Honda / NF 100 D'),
(109, 2, 32, 'Honda / NF 100 SLD'),
(110, 2, 32, 'HONDA / NF 125'),
(111, 2, 32, 'Honda / NF 125 S'),
(112, 2, 32, 'Honda / NF 125 SD'),
(113, 2, 32, 'HONDA / NF100D'),
(114, 2, 32, 'HONDA / NF125 SD'),
(115, 2, 32, 'HONDA / NF125SD'),
(116, 2, 32, 'HONDA / NF125TR'),
(117, 2, 32, 'HONDA / REVO'),
(118, 2, 32, 'HONDA / REVO NF 100TD'),
(119, 2, 32, 'HONDA / Skuter/Spaacy'),
(120, 2, 32, 'Honda / Supra Fit'),
(121, 2, 32, 'HONDA / SUPRA FIT R'),
(122, 2, 32, 'Honda / Supra X'),
(123, 2, 32, 'Honda / SUPRA X 125'),
(124, 2, 32, 'HONDA / SUPRA X NF 125 SD'),
(125, 2, 32, 'Honda / Vario'),
(126, 2, 32, 'HONDA / VARIO 125CC'),
(127, 2, 32, 'Honda / Vario CBS'),
(128, 2, 32, 'Honda / Vario CBS 125 FI'),
(129, 2, 32, 'Honda / Vario Techno'),
(130, 2, 32, 'HONDA / VARIO TECHNO CBS MMC'),
(131, 2, 32, 'Honda / Win'),
(132, 2, 32, 'HONDA /(7180 ACB2121B02 A/T'),
(133, 2, 32, 'Honda /Revo 110'),
(134, 2, 32, 'Honda /Vario'),
(135, 2, 32, 'HONDA 303 NF125TRM/T'),
(136, 2, 32, 'HONDA ABSOLUT  REVO Spoke'),
(137, 2, 32, 'HONDA ABSOLUT REVO Spoke'),
(138, 2, 32, 'Honda Astrea'),
(139, 2, 32, 'HONDA ASTREA C 100'),
(140, 2, 32, 'HONDA ASTREA C 100/CLUB/NF100 CUB'),
(141, 2, 32, 'Honda Astrea Star C 86 CUB / Sepeda Motor Roda 2'),
(142, 2, 32, 'Honda AstreaC.100'),
(143, 2, 32, 'Honda Beat'),
(144, 2, 32, 'Honda Beat / NC11BF1C'),
(145, 2, 32, 'Honda Beat CW'),
(146, 2, 32, 'HONDA BLADE REPSOL / SEPEDA MOTOR'),
(147, 2, 32, 'Honda F 100 D'),
(148, 2, 32, 'Honda Grand'),
(149, 1, 9, 'Honda HRV'),
(150, 1, 9, 'Honda HR-V'),
(151, 1, 9, 'Honda H-RV'),
(152, 1, 9, 'HONDA HR-V RU1 1.5 S MT CKD'),
(153, 1, 9, 'HONDA HR-V RU1 1.5 S MT,CKD'),
(154, 5, 33, 'Honda HR-V Rui 1.5 S MT'),
(155, 1, 9, 'Honda HR-V RUI 1.5 SMT CKD'),
(156, 1, 9, 'Honda HRV-V RUI 1.5S'),
(157, 2, 32, 'Honda Karisma 125'),
(158, 2, 32, 'Honda Kirana 125'),
(159, 2, 32, 'Honda Legenda'),
(160, 2, 32, 'Honda Legenda C 100 ML'),
(161, 1, 9, 'Honda Mobilio'),
(162, 2, 32, 'HONDA NC 110AT VARIO'),
(163, 2, 32, 'Honda NC 11A3C A / Tecno Non CBS'),
(164, 2, 32, 'HONDA NC110A1C A/T (VARIO)'),
(165, 2, 32, 'HONDA NC11A3CA/T'),
(166, 2, 32, 'Honda New'),
(167, 2, 32, 'HONDA NEW TIGER/GL 20 RA 1 / 4 LANGKAH, OHC'),
(168, 2, 32, 'Honda NF '),
(169, 2, 32, 'HONDA NF 100 D'),
(170, 2, 32, 'Honda NF 100 D                     ( SUPRA X )'),
(171, 2, 32, 'Honda NF 100 D                    ( SUPRA X )'),
(172, 2, 32, 'Honda NF 100 D           (SUPRA X)'),
(173, 2, 32, 'HONDA NF 100 D (Supra X)'),
(174, 2, 32, 'Honda NF 100 SLD'),
(175, 2, 32, 'Honda NF 100 SLD (Supra Fit)'),
(176, 2, 32, 'Honda NF 100 SLD (Supra X)'),
(177, 2, 32, 'Honda NF 100 TD'),
(178, 2, 32, 'Honda NF 100D'),
(179, 2, 32, 'HONDA NF 125'),
(180, 2, 32, 'HONDA NF 125 KHARISMA'),
(181, 2, 32, 'Honda NF 125 R'),
(182, 2, 32, 'Honda NF 125 SD'),
(183, 2, 32, 'Honda NF 125 TD'),
(184, 2, 32, 'Honda NF 125 TR'),
(185, 2, 32, 'Honda NF 125 TR               '),
(186, 2, 32, 'Honda NF 125 TR (Supra-X)'),
(187, 2, 32, 'Honda NF 125 TR New Supra X 125 R'),
(188, 2, 32, 'Honda NF11B1DM/T'),
(189, 2, 32, 'Honda NF125 SD'),
(190, 2, 32, 'Honda NF125 TD (Supra-X)'),
(191, 2, 32, 'Honda NF125D'),
(192, 2, 32, 'Honda Revo'),
(193, 2, 32, 'HONDA REVO ABSOLUT'),
(194, 2, 32, 'HONDA SPACY / Matic'),
(195, 2, 32, 'Honda Supra'),
(196, 2, 32, 'HONDA SUPRA / BEBEK'),
(197, 2, 32, 'Honda Supra FIT'),
(198, 2, 32, 'Honda Supra Fit S'),
(199, 2, 32, 'Honda Supra NF 125 D'),
(200, 2, 32, 'Honda Supra X'),
(201, 2, 32, 'Honda Supra X  '),
(202, 2, 32, 'HONDA SUPRA X / NF 125 TTD'),
(203, 2, 32, 'Honda Supra X 125'),
(204, 2, 32, 'Honda Supra X 125 D'),
(205, 2, 32, 'HONDA SUPRA X 125 R'),
(206, 2, 32, 'HONDA SUPRA X NF 100 D'),
(207, 2, 32, 'Honda Supra X NF125D'),
(208, 2, 32, 'Honda Supra X SPMR 2'),
(209, 2, 32, 'Honda Supra X/Bebek'),
(210, 2, 32, 'Honda Tiger 2000'),
(211, 2, 32, 'Honda Tiger(2000) GL.200'),
(212, 2, 32, 'Honda Vario'),
(213, 2, 32, 'Honda Vario '),
(214, 2, 32, 'HONDA VARIO / D1A02N18M1A/T'),
(215, 2, 32, 'Honda Vario / E1F02N12M2A/T'),
(216, 2, 32, 'Honda Vario / Tecno Non CBS'),
(217, 2, 32, 'Honda Vario 110 (Baru)'),
(218, 2, 32, 'Honda Vario 125'),
(219, 2, 32, 'Honda Vario 150 MMC'),
(220, 2, 32, 'Honda VARIO ACB2J21B02A/T'),
(221, 2, 32, 'Honda Vario CBS'),
(222, 2, 32, 'Honda Vario CBS 125'),
(223, 2, 32, 'Honda VARIO CBS ESP MMC 2107 / Injeksi (PGM-F1)'),
(224, 2, 32, 'HONDA VARIO CW'),
(225, 2, 32, 'Honda Vario ESP CBS'),
(226, 2, 32, 'Honda Vario NC11A3C A/T'),
(227, 2, 32, 'Honda Vario Techno'),
(228, 2, 32, 'Honda WIN'),
(229, 2, 32, 'HONDA. NC11OA1C A/T (VARIO)'),
(230, 2, 32, 'HONDA/ NF 100 D'),
(231, 2, 32, 'HONDA/ NF11B1 M/T (REVO)'),
(232, 2, 32, 'Honda/ Supra NF 100 D'),
(233, 2, 32, 'HONDA/(302)NF125TD'),
(234, 2, 32, 'HONDA/(334)NF11B1DM/T(REVO)'),
(235, 2, 32, 'HONDA/(349) NC110A1CA/T (VARIO)'),
(236, 2, 32, 'HONDA/(349)N0110A1C A/T (VARIO)'),
(237, 2, 32, 'HONDA/(349)NC110A1CA/T(VARIO)'),
(238, 2, 32, 'HONDA/(350) NC 11A3CA/T'),
(239, 2, 32, 'HONDA/(350) NC11A3C A/T'),
(240, 2, 32, 'HONDA/(350)NC 11A3CA/T'),
(241, 2, 32, 'HONDA/(350)NC11A3CA/T'),
(242, 2, 32, 'HONDA/(359) NF12A1CM/T'),
(243, 2, 32, 'HONDA/(3590)NC11A3CA/T'),
(244, 1, 9, 'Honda/(396) HR-V RU1 1.5 SMTCKD / MP/Minibus'),
(245, 2, 32, 'HONDA/(718)  ACB2J21B02A/T'),
(246, 2, 32, 'Honda/AFX12U21C'),
(247, 2, 32, 'Honda/AFX12U21C08'),
(248, 2, 32, 'HONDA/ASTREA C 100/CLUB/NF'),
(249, 2, 32, 'Honda/Beat'),
(250, 2, 32, 'Honda/Bebek'),
(251, 2, 32, 'Honda/BLADE'),
(252, 2, 32, 'Honda/Fit X'),
(253, 1, 9, 'Honda/HRV'),
(254, 2, 32, 'Honda/Mega Pro'),
(255, 1, 9, 'HONDA/MIBILIO'),
(256, 1, 9, 'Honda/Mobilio DD 4'),
(257, 2, 32, 'Honda/NC110A1C A/T (Vario)'),
(258, 2, 32, 'Honda/NC110A1C/VARIO'),
(259, 2, 32, 'Honda/NC110A1CA/VARIO'),
(260, 2, 32, 'HONDA/NC11OA1C A/T (VARIO)'),
(261, 2, 32, 'HONDA/NCHA3CA/T'),
(262, 2, 32, 'HONDA/NF 100 D'),
(263, 2, 32, 'Honda/NF 100 D Supra X'),
(264, 2, 32, 'Honda/NF 100 SLD'),
(265, 2, 32, 'HONDA/NF 11B1D M/T (REVO)'),
(266, 2, 32, 'Honda/NF 125 SD'),
(267, 2, 32, 'Honda/NF100 SLD'),
(268, 2, 32, 'Honda/NF11B1D (Revo) '),
(269, 2, 32, 'HONDA/NF11B1D M/T (REV0)'),
(270, 2, 32, 'HONDA/NF11B1D M/T REVO'),
(271, 2, 32, 'Honda/NF125 '),
(272, 2, 32, 'Honda/NF125 TR4'),
(273, 2, 32, 'Honda/Revo'),
(274, 2, 32, 'Honda/Revo / NF11B1D'),
(275, 2, 32, 'Honda/Supra 100D'),
(276, 2, 32, 'Honda/Supra 125 SD'),
(277, 2, 32, 'Honda/Supra 125 SF'),
(278, 2, 32, 'Honda/Supra NF 100 D'),
(279, 2, 32, 'Honda/Supra NF 125 SD'),
(280, 2, 32, 'Honda/Supra NF 125 TD'),
(281, 2, 32, 'Honda/Supra X'),
(282, 2, 32, 'Honda/Supra X 125'),
(283, 2, 32, 'Honda/Supra XX'),
(284, 2, 32, 'Honda/Vario'),
(285, 2, 32, 'Honda/Vario 125'),
(286, 2, 32, 'HONDA/VARIO CBR TECHNO'),
(287, 2, 32, 'Honda/Vario CW'),
(288, 2, 32, 'HONDA/VARIO NC110A1CA'),
(289, 2, 32, 'HondaACB2J21B02A/VARIO'),
(291, 1, 9, 'HR V / MP/MINIBUS'),
(292, 1, 9, 'HRV RU 1 1,5S MT CKD'),
(293, 1, 22, 'INNOVA'),
(294, 1, 22, 'Innova '),
(295, 1, 11, 'Isuzu'),
(296, 5, 31, 'ISUZU / MB / CRANE'),
(297, 5, 31, 'ISUZU / NKR. 71.HD. 125 PS )'),
(298, 1, 11, 'ISUZU / PU TURBO FD'),
(299, 1, 11, 'Isuzu / TXD 53'),
(300, 5, 31, 'ISUZU /Dum Truck'),
(301, 1, 11, 'Isuzu D-MAX'),
(302, 1, 11, 'Isuzu ELF'),
(303, 1, 11, 'Isuzu ELF '),
(304, 5, 31, 'Isuzu ELF / NKR 71 HD'),
(305, 1, 11, 'ISUZU ELF NQR 71'),
(306, 1, 11, 'Isuzu ELF/ NKR 66-2'),
(307, 1, 11, 'Isuzu ELF/ NKR-71 '),
(308, 1, 11, 'Isuzu ELF/ NKR-71 HD'),
(309, 1, 11, 'Isuzu ELF/NHR 65 / Ambulance'),
(310, 5, 31, 'ISUZU ELF135 PS'),
(311, 1, 11, 'Isuzu ELF71HD'),
(312, 1, 11, 'Isuzu Kendaraan Roda 4 Box'),
(313, 1, 11, 'Isuzu Light Truck NKR 55  '),
(314, 5, 31, 'Isuzu light trucNKR66-2'),
(315, 1, 11, 'ISUZU LTD'),
(316, 1, 11, 'ISUZU NHR 55CO E2-1'),
(317, 1, 11, 'Isuzu NKR'),
(318, 1, 11, 'Isuzu NKR 71 HD E2-2'),
(319, 1, 11, 'Isuzu NKR ELF'),
(320, 1, 11, 'Isuzu Panter'),
(321, 1, 11, 'ISUZU PANTER / PICK - UP'),
(322, 1, 11, 'ISUZU PANTER/TBR 54-PICK UP'),
(323, 1, 11, 'ISUZU PANTHER / TBR 54 PICK UP'),
(324, 1, 11, 'ISuzu Panther / TBR 54F TURBO H TOURING'),
(325, 1, 11, 'ISUZU PANTHER / TBR52'),
(326, 1, 11, 'Isuzu Panther FU Turbo FD / 4JA1L Diesel Direct Injection With Turbocharger'),
(327, 1, 11, 'ISUZU PANTHER/TBR 54-PICK UP'),
(328, 1, 11, 'Isuzu Pick Up'),
(329, 1, 11, 'ISUZU TBR54'),
(330, 5, 31, 'Isuzu TLD 56'),
(331, 1, 11, 'ISUZU/ (310) NKR55 CO E2-1 LWB '),
(332, 5, 31, 'ISUZU/ DAM TRUCK'),
(333, 1, 11, 'ISUZU/(206) TBR54 PICK UP TURBO'),
(334, 1, 11, 'ISUZU/(310)NKR55COE2-1LWB'),
(335, 1, 11, 'Isuzu/ELF 250 PS'),
(336, 1, 11, 'Isuzu/JCR'),
(337, 1, 11, 'ISUZU/TBR54 PICK UP TURBO '),
(338, 5, 31, 'Isuzudum truk NKR71 HD'),
(339, 5, 31, 'IsuzuElf HD TorboDiesel'),
(340, 1, 11, 'Izuzu / ISUZU NKR 66'),
(341, 2, 25, 'JUPITER / 31B JUPITER'),
(342, 2, 25, 'Jupiter / YAMAHA 5LM'),
(343, 2, 25, 'JUPITER YAMAHA'),
(344, 2, 25, 'Jupiter Z'),
(345, 3, 12, 'KAISAR'),
(346, 3, 12, 'KAISAR (002) KAISAR TRISEDA'),
(347, 3, 12, 'Kaisar / Kaisar Triseda'),
(348, 3, 12, 'Kaisar / Kaisar Triseda (ROD )'),
(349, 3, 12, 'KAISAR RODA 3'),
(350, 3, 12, 'KAISAR TRISEDA'),
(351, 3, 12, 'KAISAR TRISEDA (002)'),
(352, 3, 12, 'KAISAR TRISEDA (R-3)'),
(353, 3, 12, 'KAISAR TRISEDA SPM R 3'),
(354, 3, 12, 'KAISAR/(002) KAISAR TRISEDA(RODA3)'),
(355, 3, 12, 'Kaisar/Tossa'),
(356, 3, 12, 'KAISAR/TRISEDA'),
(357, 3, 12, 'Kaisar/Triseda '),
(358, 3, 12, 'KAISAR/TRISEDA NS-CP'),
(359, 2, 13, 'KAWASAKI'),
(360, 2, 13, 'Kawasaki '),
(361, 2, 13, 'Kawasaki (Kaze ZX)'),
(362, 2, 13, 'Kawasaki / AN 130 B'),
(363, 2, 13, 'Kawasaki / ANBOB'),
(364, 2, 13, 'Kawasaki / Kaze ZX'),
(365, 2, 13, 'KAWASAKI / SPM R 2'),
(366, 2, 13, 'KAWASAKI AN 130 (KAZE ZX)'),
(367, 2, 13, 'Kawasaki AN 130 B '),
(368, 2, 13, 'KAWASAKI AN 130 B (KAZE ZX)'),
(369, 2, 13, 'Kawasaki KAZE'),
(370, 2, 13, 'Kawasaki LX150G'),
(371, 2, 13, 'Kawasaki Rxz'),
(372, 2, 13, 'Kawasaki/  Kaze ZX'),
(373, 2, 13, 'KAWASAKI/(011)AN130B(KAZE ZX)'),
(374, 2, 13, 'KAWASAKI/Kaze ZX'),
(375, 2, 13, 'KAWAZAKI KAZE ZX'),
(376, 2, 13, 'KAZE ZX '),
(377, 2, 32, 'KHARISMA'),
(378, 1, 14, 'KIA'),
(379, 1, 14, 'KIA / New Carens'),
(380, 1, 14, 'KIA Sportige II'),
(381, 1, 14, 'KIA Travelo'),
(382, 1, 14, 'Kia/Minibus / NEW CARENS'),
(383, 1, 22, 'Kijang  pick up'),
(384, 1, 22, 'Kijang / KF-42 SUPER'),
(385, 1, 22, 'Kijang Inova G'),
(386, 1, 22, 'KIJANG LSX/ Toyota '),
(387, 1, 22, 'KIJANG TOYOTA'),
(388, 3, 15, 'KTM Gajah '),
(389, 1, 18, 'L 300'),
(390, 1, 11, 'LIGHT TRUCK  ISUZU'),
(391, 1, 11, 'LIGHT TRUCK ISUZU'),
(392, 1, 16, 'Light Truck NKR 66-2'),
(393, 1, 10, 'LIGHT TRUCK TANKI HYUNDAI'),
(394, 1, 3, 'Luxio '),
(395, 1, 3, 'Luxio / mini bus'),
(396, 1, 11, 'MB / PICK - UP / ISUZU'),
(397, 5, 34, 'MB/Light Truck / Hino'),
(398, 1, 18, 'MB/TANKI L. TRUCK MITSUBISHI'),
(399, 1, 11, 'MB/TANKI L.TRUCK ISUZU'),
(400, 1, 17, 'Mercedes / Truk PMK MB700'),
(401, 1, 16, 'Mini bus'),
(402, 1, 16, 'Mini Bus / FE 349 H'),
(403, 1, 26, 'MiniBus Zebra'),
(404, 2, 25, 'MIO G'),
(405, 2, 18, 'Mitsubishi'),
(406, 1, 18, 'Mitsubishi  / Mitsubishi Strada CR.2'),
(407, 1, 18, 'Mitsubishi C.DIS FE74HDV4X2'),
(408, 1, 18, 'MITSUBISHI COLT FE 119 E'),
(409, 1, 18, 'Mitsubishi STR CR25ADCGLSAB4WMT'),
(410, 1, 18, 'Mitsubishi/ colt'),
(411, 1, 16, 'MP./ MICROBUS'),
(412, 2, 32, 'NC1 10A1C A/T (Vario)'),
(413, 1, 22, 'New Avanza /Toyota'),
(414, 1, 22, 'New Avanza/1300  G'),
(415, 1, 22, 'New Corolla / Altis 1.80'),
(416, 1, 19, 'NISSAN / XTRAIL 2,5 ST AT'),
(417, 1, 19, 'Nissan Evalia'),
(418, 1, 19, 'NISSAN/X-TRAIL 2.0 MT'),
(419, 1, 11, 'Panter 52'),
(420, 1, 11, 'PANTHER'),
(421, 1, 16, 'PICK UP BOX'),
(422, 1, 11, 'PICK UP ISUZU'),
(423, 1, 11, 'PICK UP ISUZU/TBR 52'),
(424, 1, 11, 'PICK UP ISUZU/TBR 54 PRLC'),
(425, 1, 11, 'PICK UP ISUZU/TRB 54'),
(426, 1, 22, 'PICK UP TOYOTA'),
(427, 1, 22, 'PICK UP TOYOTA/KF60'),
(428, 1, 11, 'Puskel Isuzu'),
(429, 2, 32, 'REVO'),
(430, 2, 32, 'Revo  '),
(431, 2, 32, 'REVO HONDA'),
(432, 2, 32, 'REVO NF 11B19MIT'),
(433, 2, 20, 'SHOGUN / FD 110 SUZUKI'),
(434, 1, 18, 'SKY LIFT MITSUBISHI'),
(435, 2, 20, 'SOGUN R'),
(436, 2, 20, 'SPIN CW 125 SLSC / 4 Langkah'),
(437, 2, 32, 'Supra 125'),
(438, 2, 32, 'SUPRA 125 S HONDA'),
(439, 2, 32, 'SUPRA 125 SC HONDA'),
(440, 2, 32, 'SUPRA 125 SD HONDA'),
(441, 2, 32, 'SUPRA 125 X'),
(442, 2, 32, 'Supra Fit'),
(443, 2, 32, 'SUPRA FIT CW'),
(444, 2, 32, 'Supra NF 125 SD '),
(445, 2, 32, 'Supra X'),
(446, 2, 32, 'Supra X 125'),
(447, 2, 32, 'Supra X 125 '),
(448, 2, 32, 'Supra X 125 Cakram'),
(449, 2, 32, 'Supra X 125 D'),
(450, 2, 32, 'SUPRA X 125 HONDA'),
(451, 2, 32, 'SUPRA X HONDA'),
(452, 2, 32, 'SUPRA X NF 125 TD / -'),
(453, 2, 20, 'Suzuki'),
(454, 1, 28, 'SUZUKI / CARRY'),
(455, 1, 28, 'SUZUKI / CARRY ST 100'),
(456, 1, 28, 'Suzuki / Carry Station'),
(457, 2, 20, 'SUZUKI / FD 110'),
(458, 2, 20, 'SUZUKI / Rc 100'),
(459, 2, 20, 'Suzuki / Shogun'),
(460, 2, 20, 'SUZUKI / SHOUGUN'),
(461, 2, 20, 'Suzuki 100'),
(462, 1, 28, 'Suzuki APV'),
(463, 2, 20, 'Suzuki Axelo'),
(464, 1, 28, 'Suzuki Carry'),
(465, 1, 28, 'Suzuki Carry ST 100'),
(466, 1, 28, 'Suzuki Carry ST FUTURA'),
(467, 1, 28, 'SUZUKI CARRY ST100/MINI BUS'),
(468, 1, 28, 'Suzuki Cary'),
(469, 1, 28, 'SUZUKI CARY / ST 100'),
(470, 1, 28, 'SUZUKI CARY ST 100'),
(471, 2, 20, 'Suzuki FD / Shogun'),
(472, 2, 20, 'Suzuki FK 110 SD K6'),
(473, 1, 28, 'Suzuki GC415U'),
(474, 1, 28, 'Suzuki Karimun Wagon R / Suzuki A1J310'),
(475, 2, 20, 'Suzuki Shogun'),
(476, 2, 20, 'Suzuki Shogun FL125'),
(477, 2, 20, 'Suzuki Sogun'),
(478, 2, 20, 'Suzuki Sogun 125'),
(479, 1, 28, 'SUZUKI ST 100'),
(480, 2, 20, 'Suzuki Sugun FD 110'),
(481, 1, 28, 'Suzuki Taruna'),
(482, 2, 20, 'Suzuki Thander'),
(483, 2, 20, 'Suzuki Thunder'),
(484, 2, 20, 'Suzuki Tunder EN.125'),
(485, 2, 20, 'Suzuki/ Shogun'),
(486, 2, 20, 'SUZUKI/A 100/X/XT'),
(487, 1, 28, 'Suzuki/APV'),
(488, 1, 28, 'Suzuki/Carry'),
(489, 2, 20, 'SUZUKI/FD 110'),
(490, 5, 29, 'Suzuki/Minibus GT 30'),
(491, 2, 20, 'Suzuki/Shogun'),
(492, 2, 20, 'Suzuki/Shogun 125'),
(493, 2, 20, 'Suzuki/Shogun FD 110'),
(494, 2, 20, 'Suzuki/Shogun FL 125 SD'),
(495, 2, 20, 'Suzuki/Thunder 125'),
(496, 1, 28, 'SUZUKIST 100'),
(497, 1, 3, 'Terios'),
(498, 3, 21, 'TOSSA'),
(499, 3, 21, 'TOSSA  SUPER HERCULES'),
(500, 3, 21, 'TOSSA TSZ 150 (PEMADAM)'),
(501, 3, 21, 'TOSSA/(052) TSQ 150-1 M/T'),
(502, 3, 21, 'Tossa/Super Hercules TSZ 200-2'),
(503, 1, 22, 'Toyota'),
(504, 1, 22, 'TOYOTA  AVANZA'),
(505, 1, 22, 'TOYOTA (072) AVANZA 1300 G (F601RM EMMJJ)'),
(506, 1, 22, 'Toyota / Avansa'),
(507, 1, 22, 'Toyota / Avanza'),
(508, 1, 22, 'TOYOTA / AVANZA 1300 G (F601)'),
(509, 1, 22, 'Toyota / Avanza F60IRM'),
(510, 1, 22, 'TOYOTA / F601RM'),
(511, 1, 22, 'Toyota / Hilux 2.0 L MT'),
(512, 1, 22, 'TOYOTA / INNOVA'),
(513, 1, 22, 'TOYOTA / KF 40 SHORT'),
(514, 1, 22, 'TOYOTA / KF50'),
(515, 1, 22, 'Toyota / Kijang'),
(516, 1, 22, 'Toyota / Kijang Avansa'),
(517, 1, 22, 'TOYOTA / KIJANG INNOVA G'),
(518, 1, 22, 'TOYOTA / KIJANG KF 80/82/83 LONG BENSIN'),
(519, 1, 22, 'Toyota / Kijang LF 80'),
(520, 1, 22, 'TOYOTA / Kijang Super'),
(521, 1, 22, 'Toyota / Kijang Super KF 50 Long'),
(522, 1, 22, 'TOYOTA / KIJANG SUPER KF 80/82/83 LONG BENSIN'),
(523, 1, 22, 'TOYOTA / LF 82'),
(524, 1, 22, 'Toyota / LF82'),
(525, 1, 22, 'Toyota / M02 Hi Ace Commuter Manual'),
(526, 1, 22, 'Toyota / New Avanza G Manual/F51 G MT'),
(527, 1, 22, 'Toyota / New Corolla Altis'),
(528, 1, 22, 'Toyota / Pick UP'),
(529, 5, 27, 'TOYOTA / TOYOTA DYNA 110 ET'),
(530, 1, 22, 'Toyota Avansa/F601GM'),
(531, 1, 22, 'Toyota Avanza'),
(532, 1, 22, 'Toyota Avanza '),
(533, 1, 22, 'TOYOTA AVANZA / AVANZA'),
(534, 1, 22, 'TOYOTA AVANZA / F51GMN / TM 1.3 GM / T'),
(535, 1, 22, 'Toyota Avanza / F601RM GMMFJJ'),
(536, 1, 22, 'Toyota Avanza / F602RM'),
(537, 1, 22, 'TOYOTA AVANZA / G MANUAL'),
(538, 1, 22, 'Toyota Avanza 1300'),
(539, 1, 22, 'Toyota Avanza 1300 G'),
(540, 5, 27, 'Toyota Dyna / Dam Truck'),
(541, 5, 27, 'Toyota Dyna 130 HT'),
(542, 1, 22, 'Toyota Dyna Short / Toyota Dyna Short'),
(543, 1, 22, 'TOYOTA HILUX / 2.5G/MB DOBLE C'),
(544, 1, 22, 'Toyota Hilux 2.0'),
(545, 1, 22, 'Toyota Kijang'),
(546, 1, 22, 'Toyota Kijang / Pick Up'),
(547, 1, 22, 'TOYOTA KIJANG INOVA G'),
(548, 1, 22, 'Toyota Kijang KF 80'),
(549, 1, 22, 'Toyota Kijang KF 83 Super'),
(550, 1, 22, 'Toyota Kijang Pick Up'),
(551, 1, 22, 'Toyota Kijang Super'),
(552, 1, 22, 'TOYOTA KIJANG/SUPER KF 50 LONG'),
(553, 5, 27, 'TOYOTA MB-DUMP L. TRUCK / Toyota'),
(554, 1, 22, 'Toyota New Avanza'),
(555, 1, 22, 'Toyota New Avanza Velos'),
(556, 1, 22, 'Toyota New Corolla'),
(557, 1, 22, 'Toyota New Rush / Toyota'),
(558, 1, 22, 'Toyota Rino'),
(559, 1, 22, 'Toyota RUSH 1.5 S'),
(560, 1, 22, 'Toyota Rush 1500 G / VVTI Manual Luxury'),
(561, 1, 22, 'TOYOTA VZHAVANZA F51GA/T 1.3 NEW'),
(562, 1, 22, 'TOYOTA/ (692) COROLLA ALTIS 1.8 M/T'),
(563, 1, 22, 'Toyota/ Dyina'),
(564, 1, 22, 'TOYOTA/ KIJANG INNOVA G (TGN40R/GKMD)'),
(565, 1, 22, 'TOYOTA/(072) AVANZA 1300G (F601RMGMMFIJ)'),
(566, 1, 22, 'TOYOTA/(217) DYNA RINO 6 BANRYBY41'),
(567, 1, 22, 'TOYOTA/(692) COROLLA ALTIS 1.8 M/T'),
(568, 1, 22, 'Toyota/(998) Avanza 1.3 G A'),
(569, 1, 22, 'Toyota/1300G'),
(570, 1, 22, 'Toyota/Avanza'),
(571, 1, 22, 'TOYOTA/Avanza  1300 G'),
(572, 1, 22, 'TOYOTA/DYNA LONG3700/BUS'),
(573, 5, 27, 'Toyota/Dyna/Truck Pemadam'),
(574, 1, 22, 'TOYOTA/FORTUNER 2.4VRZ 4X4A/T'),
(575, 1, 22, 'Toyota/HI ACE'),
(576, 1, 22, 'Toyota/Innova G DI'),
(577, 1, 22, 'toyota/KF60'),
(578, 1, 22, 'TOYOTA/MINIBUS / ST 100'),
(579, 1, 22, 'Toyota/New Avanza'),
(580, 1, 22, 'Toyota/Pick Up / PICK UP KF60GM'),
(581, 1, 22, 'Toyota/sedan / NEW CAMRY 2.4 G AT'),
(582, 1, 22, 'TOYOYA/ (072) AVANZA 1300 G (F60) RM GMMFJJ'),
(583, 3, 23, 'Triseda'),
(584, 3, 23, 'TRISEDA R3'),
(585, 2, 32, 'Vario'),
(586, 2, 32, 'Vario / 125 CBS'),
(587, 2, 32, 'Vario / ESP CBS'),
(588, 2, 32, 'Vario 125'),
(589, 2, 32, 'VARIO 125 HONDA'),
(590, 2, 32, 'VARIO NC110A1C A/T'),
(591, 2, 32, 'VARIO NC12A1CB A/T'),
(592, 2, 32, 'VARIO RZ'),
(593, 2, 32, 'VARIO TECHNO'),
(594, 3, 24, 'VIAR'),
(595, 3, 24, 'Viar Roda 3'),
(596, 3, 24, 'VIAR/KARYA 200 H'),
(597, 2, 25, 'VIXION'),
(598, 1, 16, 'WC BERJALAN'),
(599, 5, 8, 'Well Loader Hitachi TX 100'),
(600, 5, 30, 'Wheel Loader+Attachmnet'),
(601, 2, 32, 'WIN MCB 97 SPORT HONDA'),
(602, 2, 25, 'X RIDE'),
(603, 1, 3, 'Xenia Daihatsu'),
(604, 2, 25, 'Yamah RX King'),
(605, 2, 25, 'Yamaha'),
(606, 2, 25, 'Yamaha / 1 KP A/T (Mio Soul)'),
(607, 2, 25, 'Yamaha / 45P (BYSON)'),
(608, 2, 25, 'Yamaha / 45P(BYSON)'),
(609, 2, 25, 'YAMAHA / 5LM'),
(610, 2, 25, 'Yamaha / Mio Soul GT'),
(611, 2, 25, 'Yamaha / New Jupiter Z'),
(612, 2, 25, 'Yamaha / RXK'),
(613, 2, 25, 'Yamaha / SLM'),
(614, 2, 25, 'YAMAHA / V 100 /E FORCE 1'),
(615, 2, 25, 'YAMAHA / V 100 E ALPHA II'),
(616, 2, 25, 'yamaha / v100'),
(617, 2, 25, 'YAMAHA / YT Sport'),
(618, 2, 25, 'Yamaha / Zupiter Z'),
(619, 2, 25, 'Yamaha /Jupiter'),
(620, 2, 25, 'Yamaha B65 Aerox'),
(621, 2, 25, 'Yamaha Byson'),
(622, 2, 25, 'Yamaha Crypton'),
(623, 2, 25, 'yamaha jupiter'),
(624, 2, 25, 'YAMAHA JUPITER / SLM'),
(625, 2, 25, 'Yamaha Jupiter Z / 5 LM-102 cc'),
(626, 2, 25, 'Yamaha jupiter Z New'),
(627, 2, 25, 'Yamaha Meo  Soul'),
(628, 2, 25, 'Yamaha MIO '),
(629, 2, 25, 'Yamaha Mio M3'),
(630, 2, 25, 'YAMAHA MIO SEOUL'),
(631, 2, 25, 'Yamaha Mio Soul'),
(632, 2, 25, 'Yamaha Mio Soul GT'),
(633, 2, 25, 'Yamaha Mio Z'),
(634, 2, 25, 'Yamaha New Jupiter Z'),
(635, 2, 25, 'Yamaha RX King'),
(636, 2, 25, 'YAMAHA RXS'),
(637, 2, 25, 'Yamaha T105 ERD'),
(638, 2, 25, 'Yamaha Tiose'),
(639, 2, 25, 'Yamaha Vega'),
(640, 2, 25, 'Yamaha Vega R'),
(641, 2, 25, 'YAMAHA VEGA ZR'),
(642, 2, 25, 'Yamaha Xion'),
(643, 2, 25, 'Yamaha X-Ride'),
(644, 2, 25, 'Yamaha Yupiter'),
(645, 2, 25, 'YAMAHA ZUPITER Z'),
(646, 2, 25, 'Yamaha/114 BY8 A/T'),
(647, 2, 25, 'YAMAHA/44D'),
(648, 2, 25, 'Yamaha/Bebek'),
(649, 2, 25, 'Yamaha/Jupiter'),
(650, 2, 25, 'Yamaha/Jupiter Z'),
(651, 2, 25, 'Yamaha/Mio'),
(652, 2, 25, 'YAMAHA/MIO 3'),
(653, 2, 25, 'Yamaha/Mio Soul'),
(654, 2, 25, 'Yamaha/soul GT 125'),
(655, 2, 25, 'Yamaha/Xride'),
(656, 2, 25, 'Yamaha/YT Sport'),
(657, 0, 0, 'nama_type'),
(658, 2, 9, 'Honda Supra X 125'),
(659, 2, 9, 'Honda Supra X 125 (Helm In)'),
(660, 2, 28, 'Honda/Beat'),
(661, 2, 28, 'Honda/Beat Sporty CBS ISS 110 CC '),
(662, 1, 9, 'Honda/HRV'),
(663, 2, 9, 'Honda/Vario 110 FI'),
(664, 2, 9, 'Honda/Vario 125'),
(665, 1, 20, 'Suzuki/Carry 1000'),
(666, 2, 28, 'Suzuki/Spin 125'),
(667, 1, 22, 'Toyota/Avanza'),
(668, 1, 22, 'Toyota/Kijang Super'),
(669, 2, 25, 'Yamaha Mio Soul GT'),
(671, 2, 9, 'Honda Supra X 125'),
(672, 2, 9, 'Honda Supra X 125 (Helm In)'),
(673, 2, 28, 'Honda/Beat'),
(674, 2, 28, 'Honda/Beat Sporty CBS ISS 110 CC '),
(675, 1, 9, 'Honda/HRV'),
(676, 2, 9, 'Honda/Vario 110 FI'),
(677, 2, 9, 'Honda/Vario 125'),
(678, 1, 20, 'Suzuki/Carry 1000'),
(679, 2, 28, 'Suzuki/Spin 125'),
(680, 1, 22, 'Toyota/Avanza'),
(681, 1, 22, 'Toyota/Kijang Super'),
(682, 2, 25, 'Yamaha Mio Soul GT');

-- --------------------------------------------------------

--
-- Table structure for table `user`
--

CREATE TABLE `user` (
  `id` int(11) NOT NULL,
  `username` varchar(255) NOT NULL,
  `auth_key` varchar(32) NOT NULL,
  `password_hash` varchar(255) NOT NULL,
  `password_reset_token` varchar(255) DEFAULT NULL,
  `name` varchar(100) DEFAULT NULL,
  `level` enum('administrator','instansi','pemegang') NOT NULL DEFAULT 'instansi',
  `instansi` varchar(50) NOT NULL,
  `email` varchar(255) NOT NULL,
  `status` smallint(6) NOT NULL DEFAULT 10,
  `created_at` int(11) NOT NULL,
  `updated_at` int(11) NOT NULL
) ENGINE=InnoDB DEFAULT CHARSET=utf8 COLLATE=utf8_unicode_ci ROW_FORMAT=DYNAMIC;

--
-- Dumping data for table `user`
--

INSERT INTO `user` (`id`, `username`, `auth_key`, `password_hash`, `password_reset_token`, `name`, `level`, `instansi`, `email`, `status`, `created_at`, `updated_at`) VALUES
(1, 'admin', 'AjxSZ0ri3M_w-t6r5txZsviVlyx_l2Sd', '$2y$10$mLnzMefqYiLCAfNcDZInB.Yib4Br4s916FLdASA1GoxWq1/WLAnWG', NULL, 'Wirahadi', 'administrator', '3', 'admin@makasarkota.go.id', 10, 1507826902, 1507826902),
(2, 'gagah', 'K4aptO9ETGg_4oKqGfJ2oJeXiOCy-YrE', '$2y$10$mLnzMefqYiLCAfNcDZInB.Yib4Br4s916FLdASA1GoxWq1/WLAnWG', NULL, 'gagah', 'administrator', '3', 'g@gmail.com', 10, 1725505308, 1725505308);

--
-- Indexes for dumped tables
--

--
-- Indexes for table `golongan`
--
ALTER TABLE `golongan`
  ADD PRIMARY KEY (`id`) USING BTREE;

--
-- Indexes for table `histori`
--
ALTER TABLE `histori`
  ADD PRIMARY KEY (`id`) USING BTREE,
  ADD KEY `kendaraan_id` (`kendaraan_id`) USING BTREE,
  ADD KEY `instansi_id` (`instansi_id`) USING BTREE;

--
-- Indexes for table `instansi`
--
ALTER TABLE `instansi`
  ADD PRIMARY KEY (`id_instansi`) USING BTREE;

--
-- Indexes for table `jenis_barang`
--
ALTER TABLE `jenis_barang`
  ADD PRIMARY KEY (`id_jenis_barang`) USING BTREE;

--
-- Indexes for table `jenis_bbm`
--
ALTER TABLE `jenis_bbm`
  ADD PRIMARY KEY (`id_bbm`) USING BTREE;

--
-- Indexes for table `jenis_jabatan`
--
ALTER TABLE `jenis_jabatan`
  ADD PRIMARY KEY (`id_jabatan`) USING BTREE;

--
-- Indexes for table `kendaraan`
--
ALTER TABLE `kendaraan`
  ADD PRIMARY KEY (`id_kendaraan`) USING BTREE,
  ADD KEY `jenis_id` (`jenis_id`) USING BTREE,
  ADD KEY `pemegang_id` (`pemegang_id`) USING BTREE,
  ADD KEY `kondisi_id` (`kondisi_id`) USING BTREE,
  ADD KEY `instansi_id` (`instansi_id`) USING BTREE,
  ADD KEY `merk_id` (`merk_id`) USING BTREE,
  ADD KEY `type_id` (`type_id`) USING BTREE;

--
-- Indexes for table `kondisi`
--
ALTER TABLE `kondisi`
  ADD PRIMARY KEY (`id_kondisi`) USING BTREE;

--
-- Indexes for table `log`
--
ALTER TABLE `log`
  ADD PRIMARY KEY (`id`) USING BTREE;

--
-- Indexes for table `merk`
--
ALTER TABLE `merk`
  ADD PRIMARY KEY (`id_merek`) USING BTREE,
  ADD KEY `jenis_id` (`jenis_id`) USING BTREE;

--
-- Indexes for table `pejabat`
--
ALTER TABLE `pejabat`
  ADD PRIMARY KEY (`id_jabatan`) USING BTREE,
  ADD KEY `jenis_jabatan` (`jenis_jabatan`) USING BTREE,
  ADD KEY `instansi_id` (`instansi_id`) USING BTREE;

--
-- Indexes for table `pemegang`
--
ALTER TABLE `pemegang`
  ADD PRIMARY KEY (`id_pemegang`) USING BTREE,
  ADD KEY `golongan_id` (`golongan_id`) USING BTREE,
  ADD KEY `instansi_id` (`instansi_id`) USING BTREE;

--
-- Indexes for table `perawatan`
--
ALTER TABLE `perawatan`
  ADD PRIMARY KEY (`id_perawatan`) USING BTREE,
  ADD KEY `bbm_id` (`bbm_id`) USING BTREE,
  ADD KEY `instansi_id` (`instansi_id`) USING BTREE,
  ADD KEY `kendaraan_id` (`kendaraan_id`) USING BTREE;

--
-- Indexes for table `riwayat_pajak`
--
ALTER TABLE `riwayat_pajak`
  ADD PRIMARY KEY (`id_pajak`) USING BTREE,
  ADD KEY `instansi_id` (`instansi_id`) USING BTREE,
  ADD KEY `kendaraan_id` (`kendaraan_id`) USING BTREE;

--
-- Indexes for table `type`
--
ALTER TABLE `type`
  ADD PRIMARY KEY (`id_type`) USING BTREE,
  ADD KEY `merk_id` (`merk_id`) USING BTREE,
  ADD KEY `jenis_id` (`jenis_id`) USING BTREE;

--
-- Indexes for table `user`
--
ALTER TABLE `user`
  ADD PRIMARY KEY (`id`) USING BTREE,
  ADD UNIQUE KEY `username` (`username`) USING BTREE,
  ADD UNIQUE KEY `email` (`email`) USING BTREE,
  ADD UNIQUE KEY `password_reset_token` (`password_reset_token`) USING BTREE;

--
-- AUTO_INCREMENT for dumped tables
--

--
-- AUTO_INCREMENT for table `golongan`
--
ALTER TABLE `golongan`
  MODIFY `id` int(11) NOT NULL AUTO_INCREMENT, AUTO_INCREMENT=46;

--
-- AUTO_INCREMENT for table `histori`
--
ALTER TABLE `histori`
  MODIFY `id` int(11) NOT NULL AUTO_INCREMENT, AUTO_INCREMENT=5;

--
-- AUTO_INCREMENT for table `instansi`
--
ALTER TABLE `instansi`
  MODIFY `id_instansi` int(11) NOT NULL AUTO_INCREMENT, AUTO_INCREMENT=152;

--
-- AUTO_INCREMENT for table `jenis_barang`
--
ALTER TABLE `jenis_barang`
  MODIFY `id_jenis_barang` int(11) NOT NULL AUTO_INCREMENT, AUTO_INCREMENT=9;

--
-- AUTO_INCREMENT for table `jenis_bbm`
--
ALTER TABLE `jenis_bbm`
  MODIFY `id_bbm` int(11) NOT NULL AUTO_INCREMENT, AUTO_INCREMENT=9;

--
-- AUTO_INCREMENT for table `jenis_jabatan`
--
ALTER TABLE `jenis_jabatan`
  MODIFY `id_jabatan` int(11) NOT NULL AUTO_INCREMENT, AUTO_INCREMENT=7;

--
-- AUTO_INCREMENT for table `kendaraan`
--
ALTER TABLE `kendaraan`
  MODIFY `id_kendaraan` int(11) NOT NULL AUTO_INCREMENT, AUTO_INCREMENT=1890;

--
-- AUTO_INCREMENT for table `kondisi`
--
ALTER TABLE `kondisi`
  MODIFY `id_kondisi` int(11) NOT NULL AUTO_INCREMENT, AUTO_INCREMENT=6;

--
-- AUTO_INCREMENT for table `log`
--
ALTER TABLE `log`
  MODIFY `id` int(11) NOT NULL AUTO_INCREMENT, AUTO_INCREMENT=11;

--
-- AUTO_INCREMENT for table `merk`
--
ALTER TABLE `merk`
  MODIFY `id_merek` int(11) NOT NULL AUTO_INCREMENT, AUTO_INCREMENT=35;

--
-- AUTO_INCREMENT for table `pejabat`
--
ALTER TABLE `pejabat`
  MODIFY `id_jabatan` int(11) NOT NULL AUTO_INCREMENT, AUTO_INCREMENT=5;

--
-- AUTO_INCREMENT for table `pemegang`
--
ALTER TABLE `pemegang`
  MODIFY `id_pemegang` int(11) NOT NULL AUTO_INCREMENT, AUTO_INCREMENT=1671;

--
-- AUTO_INCREMENT for table `perawatan`
--
ALTER TABLE `perawatan`
  MODIFY `id_perawatan` int(11) NOT NULL AUTO_INCREMENT;

--
-- AUTO_INCREMENT for table `riwayat_pajak`
--
ALTER TABLE `riwayat_pajak`
  MODIFY `id_pajak` int(11) NOT NULL AUTO_INCREMENT;

--
-- AUTO_INCREMENT for table `type`
--
ALTER TABLE `type`
  MODIFY `id_type` int(11) NOT NULL AUTO_INCREMENT, AUTO_INCREMENT=683;

--
-- AUTO_INCREMENT for table `user`
--
ALTER TABLE `user`
  MODIFY `id` int(11) NOT NULL AUTO_INCREMENT, AUTO_INCREMENT=3;

--
-- Constraints for dumped tables
--

--
-- Constraints for table `perawatan`
--
ALTER TABLE `perawatan`
  ADD CONSTRAINT `perawatan_ibfk_2` FOREIGN KEY (`bbm_id`) REFERENCES `jenis_bbm` (`id_bbm`) ON DELETE CASCADE ON UPDATE CASCADE,
  ADD CONSTRAINT `perawatan_ibfk_3` FOREIGN KEY (`instansi_id`) REFERENCES `instansi` (`id_instansi`) ON DELETE CASCADE ON UPDATE CASCADE;

--
-- Constraints for table `riwayat_pajak`
--
ALTER TABLE `riwayat_pajak`
  ADD CONSTRAINT `riwayat_pajak_ibfk_2` FOREIGN KEY (`instansi_id`) REFERENCES `instansi` (`id_instansi`) ON DELETE CASCADE ON UPDATE CASCADE;
COMMIT;

/*!40101 SET CHARACTER_SET_CLIENT=@OLD_CHARACTER_SET_CLIENT */;
/*!40101 SET CHARACTER_SET_RESULTS=@OLD_CHARACTER_SET_RESULTS */;
/*!40101 SET COLLATION_CONNECTION=@OLD_COLLATION_CONNECTION */;
